列1,列2,列3,列4,列5,列6
Java入门第一季,783133,初级,//img.mukewang.com/57035ff200014b8a06000338-240-135.jpg,['Java'],本教程从Java环境搭建、工具使用、基础语法开始，带你入门
C语言入门,558417,初级,//img1.mukewang.com/574669dc0001993606000338-240-135.jpg,['C'],C语言入门视频教程，带你进入编程世界的必修课-C语言
Python入门,420867,初级,//img3.mukewang.com/540e57300001d6d906000338-240-135.jpg,['Python'],学python入门视频教程，让你快速入门并能编写简单的Python程序
Java入门第二季,382889,初级,//img.mukewang.com/570360620001390f06000338-240-135.jpg,['Java'],Java 面向对象编程基本实现原理，进一步探索 Java 世界的奥秘
PHP入门篇,371396,初级,//img2.mukewang.com/53daee770001dd0706000338-240-135.jpg,['PHP'],PHP入门教程轻松学习，行业大牛帮您快速掌握PHP编程基础知识。
Java入门第三季,303554,初级,//img3.mukewang.com/5703604a0001694406000338-240-135.jpg,['Java'],Java中你必须懂得常用技能，不容错过的精彩，快来加入吧
C++远征之起航篇,207203,初级,//img4.mukewang.com/5707604300018d0406000338-240-135.jpg,['C++'],C++亮点尽在其中，本课程是在C语言基础上的一个延伸，得以升华
JAVA遇见HTML――JSP篇,181911,初级,//img3.mukewang.com/576b7afb00019e4906000338-240-135.jpg,['Java'],Java Web入门级教程JSP，带你轻松的学习JSP基础知识
Spring入门篇,180726,高级,//img3.mukewang.com/5704d2a90001bb1b06000338-240-135.jpg,['Java'],为您带来IOC和AOP的基本概念及用法，为后续高级课程学习打下基础
python进阶,167755,中级,//img3.mukewang.com/5705b7350001d59b06000338-240-135.jpg,['Python'],学习函数式、模块和面向对象编程，掌握Python高级程序设计
PHP进阶篇,150427,中级,//img.mukewang.com/572b06470001a42e06000338-240-135.jpg,['PHP'],轻松学习PHP中级课程，进行全面了解，用PHP快速开发网站程序
Linux C语言编程基本原理与实践,149918,中级,//img.mukewang.com/570762760001a1db06000338-240-135.jpg,['C'],本视频教程介绍C语言基本工作原理以及适用与C的实际开发方式
Python开发简单爬虫,148985,高级,//img.mukewang.com/57466ffc00015e2f06000338-240-135.jpg,['Python'],本教程带您解开python爬虫这门神奇技术的面纱
C#开发轻松入门,148889,初级,//img1.mukewang.com/57035f2c000106fa06000338-240-135.jpg,['C#'],本门课程是C#语言的入门教程，将带你轻松入门.NET开发
Spring MVC起步,143829,高级,//img.mukewang.com/570765d90001bf1406000338-240-135.jpg,['Java'],Java中Spring MVC框架入门教程，快来看最易用的MVC框架
深入浅出Java多线程,136741,中级,//img4.mukewang.com/5704a9550001f74606000338-240-135.jpg,['Java'],带你一起深入浅出多线程，掌握基础，展望进阶路线
初识Java微信公众号开发,125233,中级,//img4.mukewang.com/576b7b2000010bc706000338-240-135.jpg,['Java'],Java微信公众号开发的入门教程，掌握微信公众号基本概念
JAVA遇见HTML――Servlet篇,122045,初级,//img2.mukewang.com/579192b500019e4106000338-240-135.jpg,['Java'],本门课程在JSP课程的基础上，深入介绍Servlet的基础知识
项目管理利器――maven,119606,中级,//img1.mukewang.com/5704cfa900015c2406000338-240-135.jpg,['Java'],使用maven来构建和管理Java项目，从环境配置，到maven核心知识
版本管理工具介绍―Git篇,118675,初级,//img1.mukewang.com/5774d9c40001841306000338-240-135.jpg,['PHP'],本课程主要讲解了git在各平台的安装和基本使用，来学习Git吧
反射――Java高级开发必须懂的,112264,中级,//img4.mukewang.com/5774d7e00001eb9206000338-240-135.jpg,['Java'],"反射,Java高级开发必须要懂的知识点，学好Java高级课程的基础"
文件传输基础――Java IO流,107751,中级,//img2.mukewang.com/5774d7840001a30e06000338-240-135.jpg,['Java'],为您介绍IO流的使用，以及对象的序列化和反序列化的内容
手把手教你实现电商网站后台开发,104893,中级,//img3.mukewang.com/53c4bf6d00015b0106000338-240-135.jpg,['PHP'],手把手教你用PHP搭建电子商务平台，由浅入深教你搭建电商系统
Python开发环境搭建,104501,初级,//img.mukewang.com/5705b57b0001f4b306000338-240-135.jpg,['Python'],带你搭建 Python开发环境，为后续Python学习打好基础
Java Socket应用---通信是这样练成的,101996,高级,//img.mukewang.com/5704a4ca00013d9106000338-240-135.jpg,['Java'],分享的是 Java 中的网络编程，使用Socket实现网络聊天通信
全面解析Java注解,95970,中级,//img.mukewang.com/5704cf630001346306000338-240-135.jpg,['Java'],注解Java中的常用技能，通过实战演示注解在实际项目中的应用
Linux C语言结构体,92635,中级,//img1.mukewang.com/5567d48300010ba306000338-240-135.jpg,['C'],C语言的深入，帮助小伙伴们进一步的理解C语言，赶紧看过来
C++远征之离港篇,91500,初级,//img2.mukewang.com/5707600b000184bf06000338-240-135.jpg,['C++'],C++扫清通往面向对象的最后一道障碍，将所有知识点融会贯通
PHP实现微信公众平台开发―基础篇,89751,中级,//img.mukewang.com/5774d93e0001b6e606000338-240-135.jpg,['PHP'],由浅入深一起玩转微信公众平台开发，课程由浅入深，内容详实
二进制基础,88197,初级,//img3.mukewang.com/570360110001371606000338-240-135.jpg,['Java'],二进制是计算机唯一能识别的语言，是学习计算机技术必备的知识
数据结构探险―队列篇,87122,初级,//img2.mukewang.com/57466a710001acb506000338-240-135.jpg,['C++'],与现实最为贴近的数据结构-队列，带大家进入数据结构的美妙世界
2小时学会Spring Boot,86457,中级,//img.mukewang.com/5847d579000178ac06000338-240-135.jpg,"['Java', 'SpringBoot']",Spring Boot入门视频教程，你将学会使用Spring Boot快速构建应用程序
通过自动回复机器人学Mybatis---基础版,85444,高级,//img4.mukewang.com/5704a3fd0001310306000338-240-135.jpg,['Java'],微信公众号自动回复功能学习Mybatis，基础教程加案例实战方式学习
Linux C语言指针与内存,85015,中级,//img4.mukewang.com/5707624d0001423906000338-240-135.jpg,['C'],指针-C语言的核心，代领大家对c语言有更加深刻的理解
JDBC之 “ 对岸的女孩看过来”,82782,中级,//img.mukewang.com/570365980001b7b306000338-240-135.jpg,['Java'],一起领略JDBC的奥秘，为进一步学习集成框架打下良好的基础
快速入门ThinkPHP框架―理论篇,81990,高级,//img4.mukewang.com/5478338c0001478506000338-240-135.jpg,['PHP'],快速入门ThinkPHP框架教程，掌握ThinkPHP的理论基础
Struts2入门,81865,高级,//img4.mukewang.com/55bb12580001999e06000338-240-135.jpg,['Java'],本教程带你踏上Struts2学习之旅，对Struts2进行更深入讲解
JSON快速入门（Java版）,79471,初级,//img1.mukewang.com/561dfda500011a4325001408-240-135.jpg,['Java'],JSON和GSON的应用，JSON快速入门视频教程，赶快加入吧
版本管理工具介绍---SVN篇,77298,初级,//img4.mukewang.com/570360980001a2de06000338-240-135.jpg,['Java'],本课程主要介绍版本控制工具之-SVN的安装、简单操作及常见问题解决
C++远征之封装篇（上）,75704,初级,//img3.mukewang.com/57075fa60001ea6406000338-240-135.jpg,['C++'],封装--面向对象的基石，本教程力求帮助小伙伴们即学即会
初识机器学习-理论篇,75294,初级,//img.mukewang.com/57cfa226000150c206000338-240-135.jpg,"['Python', '机器学习']",带你认识机器学习，一些经典的算法，最后是Demo演示
Java微信公众号开发进阶,73793,中级,//img3.mukewang.com/576b7ad60001263e06000338-240-135.jpg,['Java'],Java微信公众号开发的进阶课程，在入门的基础上更加深入
PHP开发APP接口,73448,高级,//img1.mukewang.com/570765890001f27006000338-240-135.jpg,['PHP'],APP通信接口技术，不得不掌握的法宝，学完之后你会受益良多
C++远征之模板篇,73386,初级,//img3.mukewang.com/570760280001c89106000338-240-135.jpg,['C++'],本C++教程力求即学即会，所有知识以实践方式讲解到操作层面
Java眼中的XML---文件读取,72501,中级,//img1.mukewang.com/570365080001f60306000338-240-135.jpg,['Java'],通过Java认识并且创造XML文件，如何应用 Java“解析 XML
MVC架构模式分析与设计,71455,中级,//img.mukewang.com/57075ab500016f5a06000338-240-135.jpg,['PHP'],通过学习MVC理论知识，由浅入深带您实现人生第一个MVC框架
使用Struts2+Hibernate开发学生信息管理功能,70212,高级,//img4.mukewang.com/5774d89a0001fafc06000338-240-135.jpg,['Java'],Strust2+Hibernate整合开发案例，Java Web开发技能更上一层楼
Python操作MySQL数据库,68322,中级,//img4.mukewang.com/5705b6df0001b7f206000338-240-135.jpg,['Python'],本视频教程讲解Python如何开发MySQL数据库程序
PHP与MySQL关系大揭秘,67998,中级,//img.mukewang.com/5387e32e000196cb06000338-240-135.jpg,['PHP'],让我们一起走上探秘之旅，找寻php和mysql恋爱的真谛
JAVA Web开发技术应用――监听器,66929,中级,//img.mukewang.com/549bdff000015c9806000338-240-135.jpg,['Java'],本课程从Java Web中的监听器的概念和用途入手，结合实例讲解
Spring事务管理,66594,高级,//img4.mukewang.com/5704d19a0001d38406000338-240-135.jpg,['Java'],事务管理是Spring重要的知识，应用事务解决数据不一致问题
Java生成二维码,65546,中级,//img4.mukewang.com/562f25980001b1b106000338-240-135.jpg,['Java'],二维码无处不在，自己动手用Java生成二维码，三种生成方式任你选
JSON应用场景与实战,65042,中级,//img2.mukewang.com/578386af00010eea06000338-240-135.jpg,['PHP'],你还不知道JSON吗，快快加入我们吧，通过学习加深对Json的理解
Hibernate初探之单表映射,64180,高级,//img4.mukewang.com/5565784c00017cee06000338-240-135.jpg,['Java'],Java持久化框架Hibernate入门教程，掌握Hibernate基本概念
Java中的文件上传下载,64112,中级,//img1.mukewang.com/570364c90001008b06000338-240-135.jpg,['Java'],由简入深，用Easy 实现文件上传下载功能及相关框架的使用
Go语言第一课,62062,初级,//img2.mukewang.com/57035f4a0001598106000338-240-135.jpg,['Go'],Go语言入门教程，编程之必备知识扩散，打好Go语言编程基础
Python文件处理,61699,中级,//img2.mukewang.com/5705b7940001096106000338-240-135.jpg,['Python'],Python文件操作指南，掌握os模块对文件和目录的处理
使用JSP+Servlet技术生成报表,61230,中级,//img2.mukewang.com/554706690001974406000338-240-135.jpg,['Java'],Java Web案例课程，教你如何使用JSP+Servlet技术生成报表
PHP面向对象编程,61085,中级,//img.mukewang.com/572b067f00019abf06000338-240-135.jpg,['PHP'],从容应对面试官的知识宝典，带你握面向对象的最重要的核心能力
Cocos2d-x游戏开发初体验-C++篇,60825,初级,//img1.mukewang.com/5562c26900012f3406000338-240-135.jpg,"['C++', 'Cocos2d-x']",Cocos2d-x开发手机游戏够轻量、够简单，你还不来学
Java Web开发技术应用――过滤器,60261,中级,//img4.mukewang.com/5704cbfd00013b6c06000338-240-135.jpg,['Java'],"本课程主要是从实际生活当中的过滤器入手,详细讲解了Java Web过滤器"
Spring MVC拦截器,59289,高级,//img1.mukewang.com/55f147640001ae6406000338-240-135.jpg,['Java'],Spring MVC拦截器的工作原理及配置，介绍拦截器与过滤器的区别
模式的秘密---单例模式,58757,高级,//img.mukewang.com/5704a3b20001861306000338-240-135.jpg,['Java'],单例模式是在Java中最重要模式之一，让我们揭开单例模式神秘面纱
JUnit―Java单元测试必备工具,58359,中级,//img1.mukewang.com/551b92340001c9f206000338-240-135.jpg,['Java'],Java单元测试利器，提升Java代码质量，工作效率不用愁
 PHP实现微信公众平台开发―提升篇,57368,中级,//img1.mukewang.com/5600fb2a0001627206000338-240-135.jpg,['PHP'],本课程详细讲解了接收微信用户发送的消息和接收订阅关注的事件推送
Java高并发秒杀API之业务分析与DAO层,56798,高级,//img1.mukewang.com/572bff580001c7a006000338-240-135.jpg,['Java'],Java实现高并发秒杀API的第一门课，还等什么，赶快来加入吧
python正则表达式,56050,中级,//img.mukewang.com/5746786300017d8f06000338-240-135.jpg,['Python'],如何使用正则处理文本，带你对python正则有个全面了解
Java 分页原理与实践（上）,55781,中级,//img2.mukewang.com/5783868000019ebc06000338-240-135.jpg,['Java'],通过总结常见的分页样式，手把手带你实现java常见的分页功能
如何使用高德云图在线制作属于你的地图,55643,初级,//img.mukewang.com/5518ecf20001cb4e06000338-240-135.jpg,"['Java', 'iOS']",教你迅速使用云图进行基于LBS的开发，怎样调用云图产品的接口
C++远征之继承篇,55463,初级,//img1.mukewang.com/57075fe70001d94006000338-240-135.jpg,['C++'],继承，C++面向对象三大特征之一，通过编码实践方式讲解到操作层面
SpringMVC数据绑定入门,54253,高级,//img3.mukewang.com/578741ae00019a6906000338-240-135.jpg,['Java'],"Geely带你认识SpringMVC各种数据绑定，学习相关注解的使用
"
用C#实现封装,52773,初级,//img.mukewang.com/57466a8b0001695f06000338-240-135.jpg,['C#'],C#视频教程教大家，用C#语言实现面向对象的封装
Java实现验证码制作,52492,中级,//img1.mukewang.com/55b19e790001ae1706000338-240-135.jpg,['Java'],本教程就会带大家学习使用java实现各种验证码的方法
解密JAVA实现Excel导入导出,52068,中级,//img4.mukewang.com/5783869600017c5606000338-240-135.jpg,['Java'],Java web开发过程当中常见场景，轻松实现文件导入导出
C++远征之封装篇（下）,51943,初级,//img1.mukewang.com/57075fc70001e45606000338-240-135.jpg,['C++'],封装--面向对象三大特征之一，通过案例让C++所学知识融会贯通
Java高并发秒杀API之高并发优化,51936,高级,//img4.mukewang.com/5733e336000141f806000338-240-135.jpg,['Java'],Java实现高并发秒杀API的第四门课，小伙伴一定可以从中受益
模式的秘密――工厂模式,51421,中级,//img1.mukewang.com/548a67400001029e06000338-240-135.jpg,['Java'],本课程即将讲解Java中的工厂模式和抽象工厂模式的应用
Java眼中的XML  文件写入,50778,中级,//img1.mukewang.com/570365380001287106000338-240-135.jpg,['Java'],举例说明JAVA程序如何生成XML文档，多种生成方式任你选择
C++远征之多态篇,49940,初级,//img3.mukewang.com/57075ebf0001de0b06000338-240-135.jpg,['C++'],本教程将带领大家体会面向对象三大特性中的多态特性
PHP实现页面静态化,49615,中级,//img.mukewang.com/578741410001f70006000338-240-135.jpg,['PHP'],网站开发必备技能―页面静态化，帮助大家掌握一项加薪利器
大话PHP设计模式,48108,高级,//img3.mukewang.com/5469bbc60001362706000338-240-135.jpg,['PHP'],帮助PHPer具备使用设计模式解决工程中复杂逻辑的能力
Java实现权限管理（上）,47930,高级,//img3.mukewang.com/56e291b40001f72f06000338-240-135.jpg,['Java'],Java权限管理系列教程之权限管理系统DAO层和服务层实现
数据结构探险―栈篇,46566,初级,//img2.mukewang.com/56d3f1d00001519006000338-240-135.jpg,['C++'],栈，先入后出(FILO)，带领大家体会栈这种数据结构的美妙
观察者模式,46411,高级,//img1.mukewang.com/5704d1b80001fe1906000338-240-135.jpg,['Java'],解决发布/订阅问题的观察者模式，以及何时使用观察者模式
通过自动回复机器人学Mybatis---加强版,45616,高级,//img4.mukewang.com/5704a4220001c6fa06000338-240-135.jpg,['Java'],进一步探索 Mybatis 的奥秘，一起揭开 Mybatis 面纱
Java高并发秒杀API之web层,45321,高级,//img2.mukewang.com/5733e1c00001516f06000338-240-135.jpg,['Java'],Java实现高并发秒杀API的第三门课，介绍Web层的设计和实现
django初体检,45218,高级,//img4.mukewang.com/5705d21e0001e4f106000338-240-135.jpg,['Python'],本教程主要讲解Django基础入门知识，不容错过的Django初体验
细说多线程之Thread VS Runnable,44961,中级,//img4.mukewang.com/54c5e5c20001ace006000338-240-135.jpg,['Java'],认识Thread和Runnable的区别，以及使用jstack生成线程快照
使用SpringMVC+Spring+Hibernate开发人员信息管理功能,44751,高级,//img1.mukewang.com/55d289f60001931006000338-240-135.jpg,['Java'],Java常用框架整合案例，通过本案例的学习还可以体会项目的实现流程
Redis入门,44693,初级,//img.mukewang.com/5914272e0001254d06000338-240-135.jpg,['Java'],本课程为Redis和Jedis使用的入门级教程，对Redis有初步了解
细说Java多线程之内存可见性,44586,中级,//img3.mukewang.com/57466966000135b806000338-240-135.jpg,['Java'],用两种方式实现内存可见性，代领大家深层次学习Java中的内存
微信授权登录,43371,初级,//img.mukewang.com/587c69610001b37b06000338-240-135.jpg,['Java'],教你如何用Java实现微信授权登录，最后介绍公众号和开发平台如何关联
使用wordpress极速建站,43105,高级,//img4.mukewang.com/564d309e00011efa06000338-240-135.jpg,['PHP'],使用wordpress搭建博客系统，不敲一行代码，搭建博客
python装饰器,42749,中级,//img3.mukewang.com/568b2c36000199d106000338-240-135.jpg,['Python'],本门python教程将代领大家轻松搞定Python装饰器运用
Spring Boot进阶之Web进阶,42440,中级,//img2.mukewang.com/58c2856500012b7e06000338-240-135.jpg,"['Java', 'SpringBoot']",《2小时学习Spring Boot》之进阶教程，针对Web方面的相关技巧
鬼斧神工之正则表达式,42152,中级,//img4.mukewang.com/570762f20001836c06000338-240-135.jpg,['PHP'],以PHP语言为蓝本，介绍正则表达式的基本语法以及他的强大用处
模式的秘密---代理模式,42118,高级,//img3.mukewang.com/572afd6000019e1f06000338-240-135.jpg,['Java'],本节课程将带你领略Java编程语言中代理模式的奥妙
JDBC之“对岸的女孩走过来”,41890,中级,//img2.mukewang.com/5746693a00012dc006000338-240-135.jpg,['Java'],JDBC的深入挖掘，主要介绍在实际开发过程中的各种知识
Java图片验证码,41820,高级,//img3.mukewang.com/56977a480001ee6106000338-240-135.jpg,['Java'],使用SpringMVC和Spring框架实现Java图片验证，了解验证过程
Java高并发秒杀API之Service层,41321,高级,//img4.mukewang.com/5733de380001615d06000338-240-135.jpg,['Java'],Java实现高并发秒杀API，介绍秒杀业务Service层的设计和实现
数据结构探险之图篇,40973,中级,//img3.mukewang.com/576a0b0a000128b606000338-240-135.jpg,['C++'],图是众多实际问题解决方案之源，从基础概念入手掌握图的处理
JSP常用标签,40847,中级,//img1.mukewang.com/570365f500013beb06000338-240-135.jpg,['Java'],配置及使用常用JSTL标签，这是一项必备的基本技能
Python在数据科学中的应用,40719,初级,//img2.mukewang.com/57e8afc00001f19d06000338-240-135.jpg,"['Python', '大数据']",一门针对数据科学的Python应用教程，打下扎实python功底
机器学习-实现简单神经网络,40575,中级,//img3.mukewang.com/58cf6639000183f406000338-240-135.jpg,"['Python', '机器学习']",人工智能时代，你准备好成为抓住机遇的那百分之二吗。
 PHP第三方登录―QQ登录,40479,高级,//img4.mukewang.com/56a0932200014c4d06000338-240-135.jpg,['PHP'],使用QQ互联官方SDK快速接入QQ登录，迅速获取海量用户，不容错过
python遇见数据采集,40423,初级,//img3.mukewang.com/57bd19f40001462006000338-240-135.jpg,['Python'],本教程让你初步掌握Python进行数据采集，创造属于你的价值
Cocos2d-x游戏之七夕女神抓捕计划,39715,高级,//img.mukewang.com/55c47a0a0001347b06000338-240-135.jpg,"['C++', 'Cocos2d-x']",拯救陈无码从游戏开发开始，如果你想逆袭，那么快来学习
数据结构探险之线性表篇,39204,初级,//img.mukewang.com/5719fb5a00019e5c06000338-240-135.jpg,['C++'],线性表的主体顺序表和链表，让学员能够将知识融会贯通学以致用
Hibernate初探之一对多映射,38753,高级,//img2.mukewang.com/55657b3b0001e78d06000338-240-135.jpg,['Java'],Hibernate中一对多关联映射配置，以及cascade和inverse属性作用
PHP实现文件上传与下载,38146,中级,//img4.mukewang.com/578741680001e3a506000338-240-135.jpg,['PHP'],本课程讲解了文件上传的原理和配置，学会两种方式实现文件上传与下载
基于SSH实现员工管理系统之案例实现篇,38064,高级,//img4.mukewang.com/57a1ca250001b2f206000338-240-135.jpg,['Java'],SSH框架整合案例之实现篇，手把手带你实现员工管理系统
Python数据分析-基础技术篇,37824,中级,//img2.mukewang.com/5922cc5800011d9e06000338-240-135.jpg,"['Python', '大数据']",使用Python进行数据分析的基础模块简介
数据结构探险之树篇,37707,初级,//img4.mukewang.com/576a4a56000119fa06000338-240-135.jpg,['C++'],树，将为你开启更精彩的数据结构大门，了解更多概念
从零开始打造自己的PHP框架,37437,中级,//img4.mukewang.com/57a2aa410001189006000338-240-135.jpg,['PHP'],和我一起开发一套属于自己的PHP框架，自己开发的才是最好用的
轻松学会Laravel-基础篇,37325,中级,//img3.mukewang.com/57a2bd030001018806000338-240-135.jpg,['PHP'],Laravel框架基础视频教程，轻松入门，了解Laravel的优势
基于SSH实现员工管理系统之框架整合篇,37280,高级,//img3.mukewang.com/57a1ca0a00016fcc06000338-240-135.jpg,['Java'],本视频教程主要介绍环境搭建和SSH框架整合，逐层深入理解学习
HQL数据查询基础,37172,高级,//img.mukewang.com/5704a31b0001afa906000338-240-135.jpg,['Java'],使用HQL从数据库中找到你要的数据，掌握了使用Hibernate
与《Yii框架》不得不说的故事―基础篇,37050,初级,//img2.mukewang.com/55657fa600015fe206000338-240-135.jpg,['PHP'],通过本视频教程，为学习YII的快速、安全、专业的特性打下基础
python-web.py开发入门,37014,初级,//img1.mukewang.com/58257a3b000164cd06000338-240-135.jpg,['Python'],web.py开发入门入门教程，讲解一个你最快能学会的web开发的框架
在Ubuntu Server下搭建LAMP环境,36640,中级,//img3.mukewang.com/53ed6e6d0001122a06000338-240-135.jpg,['PHP'],想学PHP要会搭建LAMP环境，本教程为你学习PHP铺平道路
Python-面向对象,36359,初级,//img3.mukewang.com/580fff7a0001541206000338-240-135.jpg,['Python'],Python面向对象教程，带你深入了解python面向对象特性
PHP+MySQL分页原理实现,35669,中级,//img3.mukewang.com/57075b250001044506000338-240-135.jpg,['PHP'],引导大家完成一个PHP＋MySQL分页功能，由简入繁的剖析原理
Ajax技术在购物车中的应用（PHP篇）,35030,中级,//img1.mukewang.com/56cd23a50001595f06000338-240-135.jpg,['PHP'],用购物车实例带你体验Ajax在项目中的设计思想和用户体验性
Struts2拦截器浅析,34808,高级,//img3.mukewang.com/55a5f5f8000161a806000338-240-135.jpg,['Java'],本视频教程将代领大家了解Struts2拦截器的工作原理及配置
PHP实现验证码制作,34125,中级,//img.mukewang.com/5707623f0001f96006000338-240-135.jpg,['PHP'],各种形态验证码核心原理与实现技巧，讲解实现过程中的技术难点
django入门与实践,34122,初级,//img2.mukewang.com/586f60d90001776a06000338-240-135.jpg,['Python'],手把手带你进入Django开发的大门，充分领略Django的魅力
高性能产品的必由之路―性能测试工具,34003,高级,//img1.mukewang.com/579192e00001a98906000338-240-135.jpg,['PHP'],本门教程以Jmeter为中心介绍了最最常用的性能测试的工具
Java实现数字签名,33647,中级,//img2.mukewang.com/54af7b720001fde306000338-240-135.jpg,['Java'],介绍Java实现数字签名，有效保障网络传输过程中的数据安全
PHP第三方登录―OAuth2.0协议,33214,高级,//img3.mukewang.com/5668dc790001aa2b06000338-240-135.jpg,['PHP'],带你了解OAuth协议实现原理，使用场景，非常有使用价值
Java实现Base64加密,32904,中级,//img.mukewang.com/54c897470001051d06000338-240-135.jpg,['Java'],Java实现Base64加密，本课程是Java加解密必备的入门基础
Java 分页原理与实践（下）,32467,初级,//img4.mukewang.com/5617949a0001ddb606000338-240-135.jpg,['Java'],Java 分页原理，用Hibernate实现下拉加载分页效果
WEB在线文件管理器,32406,中级,//img1.mukewang.com/572b0752000142ef06000338-240-135.jpg,['PHP'],通过本课程文件目录函数库的学习，让你掌握文件、目录函数库的应用
PHP环境LAMP/LNMP安装与配置,32187,中级,//img2.mukewang.com/57eb9feb000106ec06000338-240-135.jpg,"['PHP', 'Linux']",本课程适于PHP初学者，手把手教你LAMP/LNMP环境安装配置
Hibernate注解,31749,高级,//img2.mukewang.com/561dfe110001ba4706000338-240-135.jpg,['Java'],轻松学习Hibernate常用注解，学完本课能够灵活应用
Python 全栈案例初体验,31566,初级,//img1.mukewang.com/598287cd00014dc606000338-240-135.jpg,['Python'],带你领略全栈开发的速度与激情
C#面向对象编程,31452,初级,//img2.mukewang.com/58ab9ee00001207406000338-240-135.jpg,['C#'],本系列教程主要是，带你学习C#面向对象编程的编程思想、编程技巧
Java实现SSO单点登录,31246,中级,//img.mukewang.com/56e6177e0001fada06000338-240-135.jpg,['Java'],Java视频教程介绍实现同域和跨域SSO，对核心技术和原理进行分析
PHP7.0新特性,30966,高级,//img2.mukewang.com/5707655b00016b1d06000338-240-135.jpg,['PHP'],本视频就来介绍一下PHP7的新特性以及做了哪些方面的优化
PHP中的数据传输神器cURL,29806,中级,//img1.mukewang.com/570762be0001898506000338-240-135.jpg,['PHP'],cURL就是这样的利器，可以帮助大家操作各种网络资源
性能优化之PHP优化,29388,高级,//img4.mukewang.com/5428c08c0001750206000338-240-135.jpg,['PHP'],带你打造高速高效的PHP项目，由浅入深带你进一步探索php优化项目
Java实现权限管理（下）,29268,高级,//img1.mukewang.com/56e6069500017a6b06000338-240-135.jpg,['Java'],权限管理系统控制层实现及优化，学习如何使用SpringMVC+Spring
模式的秘密---适配器模式,28861,高级,//img2.mukewang.com/5704a3d100016e9206000338-240-135.jpg,['Java'],适配器教你如何“到什么山唱什么歌”，将你锻造成java大人
Java实现图片水印,28820,中级,//img1.mukewang.com/570364e7000147be06000338-240-135.jpg,['Java'],从实现图片添加单个文字水印开始，逐步深入，到批量添加水印功能
Servlet+Ajax实现搜索框智能提示,28724,中级,//img1.mukewang.com/5775e9cb00013c9606000338-240-135.jpg,['Java'],Java实现搜索框智能提示，熟练掌握使用Servlet和Ajax
Java消息中间件,28704,高级,//img1.mukewang.com/59632b220001afe505960335-240-135.jpg,['Java'],使用Java消息中间件处理异步消息
Python错误和异常,27864,中级,//img4.mukewang.com/5705b70600010f6a06000338-240-135.jpg,['Python'],让我们一起来学习Python对于错误和异常的处理方式
第一个docker化的java应用,27237,中级,//img1.mukewang.com/58f0a2310001ea1306000338-240-135.jpg,"['Java', '云计算']",逐步学习docker相关知识，制作第一个docker化的java应用
PHP微信公众平台开发高级篇―微信JS-SDK,27003,高级,//img3.mukewang.com/56e10d9c0001e83306000338-240-135.jpg,['PHP'],JS-SDK微信交互引擎，诸多功能提供更优质的网页体验
快速入门ThinkPHP 5.0--基础篇,26996,初级,//img3.mukewang.com/5908721f0001539606000338-240-135.jpg,['PHP'],ThinkPHP5已发布多时，想了解ThinkPHP5的新特性吗？老司机带你马上出发~
PDO―数据库抽象层,26929,中级,//img4.mukewang.com/570760dd00013da306000338-240-135.jpg,['PHP'],本教程主要通过实战演练深入剖析PDO以加深理解
近距离探索memcache缓存,26801,高级,//img.mukewang.com/572aff47000147c406000338-240-135.jpg,['PHP'],本课程带你从零开始接触memcache从安装到配置到使用到提高
Python-走进Requests库,26567,中级,//img3.mukewang.com/57fdb282000186df06000338-240-135.jpg,"['Python', '大数据']",python类库中，requests是一件利器，想深入了解一起来学吧
模式的秘密---模板方法模式,26315,高级,//img.mukewang.com/5704a3880001fb2206000338-240-135.jpg,['Java'],封装算法框架的模板方法模式，用案例告诉你模板方法模式的强大
PHPExcel探索之旅,26284,中级,//img2.mukewang.com/558b55390001df0e06000338-240-135.jpg,['PHP'],由浅入深学习PHPExcel导入导出操作，玩转任何文件操作需求
Hibernate缓存策略,26242,高级,//img3.mukewang.com/55bb18ee000173e706000338-240-135.jpg,['Java'],本教程主要介绍Hibernate中缓存的原理、分类和使用
Duang~MySQLi扩展库来袭,25970,中级,//img4.mukewang.com/570759d900014b7d06000338-240-135.jpg,"['PHP', 'MySQL']",本教程从面向对象和面向过程两个方面为你开启MySQLi学习之旅
PHP无限级分类技术,25817,中级,//img4.mukewang.com/570762280001d49906000338-240-135.jpg,['PHP'],经典的递归实现和全路径实现两种方式实现无限分类
PHP实现手机归属地查询,25674,中级,//img.mukewang.com/56c6f2c50001f49b06000338-240-135.jpg,['PHP'],本php教程会带大家从0开始开发归属地查询WEB应用，很强势
模式的秘密--策略模式,25531,高级,//img2.mukewang.com/5704a34b0001ae4b06000338-240-135.jpg,['Java'],使用策略模式为你的应用提供弹性架构，还等什么呢，快来加入学习吧
Java模板引擎之Freemarker,25423,初级,//img1.mukewang.com/589d25820001497206000338-240-135.jpg,['Java'],学习Java模板引擎中Freemarker技术，web开发人员必要掌握的技术之一
redis的入门与应用,25384,初级,//img2.mukewang.com/58bea4fe0001bec506000338-240-135.jpg,['PHP'],redis的入门与应用教程，Redis是php项目中使用的主要缓存服务
PHP加密技术专题,24936,中级,//img2.mukewang.com/570761ac000147d306000338-240-135.jpg,['PHP'],本课程介绍几种常见的数据处理方式，以及数据加密的几种形式
JAVA实现对称加密,24790,中级,//img3.mukewang.com/54af7a6d000164df06000338-240-135.jpg,['Java'],为你带来软硬件通用的对称加密算法，以及他们的应用范围
PHP微信公众平台开发高级篇―自定义菜单,24760,高级,//img3.mukewang.com/56e10de50001f0b606000338-240-135.jpg,['PHP'],自定义菜单是微信开发中必不可少的环节，约吗？
PHP微信公众平台开发高级篇―生成二维码接口,24546,高级,//img4.mukewang.com/56e10d8c0001e22e06000338-240-135.jpg,['PHP'],微信扫描，值得你拥有，本教程主要讲解二维码接口的实现
Think 2015 PHP 技术峰会(北京站）,23869,高级,//img3.mukewang.com/57466b4d000180a606000338-240-135.jpg,['PHP'],PHP领域顶级技术盛会，最新php技术分享，了解最新行业动向
PHP中的HTTP协议,23609,初级,//img4.mukewang.com/58339ab600019e4206000338-240-135.jpg,['PHP'],PHP视频教程从PHP的角度深度解析HTTP协议知识，例如post、和get请求
JSP自定义标签,23607,中级,//img4.mukewang.com/5787418d0001543506000338-240-135.jpg,['Java'],JSP自定义标签应用，Java Web开发中一个重要的知识点
模式的秘密---责任链模式,23259,高级,//img3.mukewang.com/574669ba000105ec06000338-240-135.jpg,['Java'],解耦代码――责任链模式，通过学习，理解模式学习的要义
Restful API实战,23060,初级,//img.mukewang.com/58c65abe0001269e06000338-240-135.jpg,['PHP'],PHP后端开发者如何迎上移动互联网发展热潮？
PHP+Sphinx+MySQL实现全文检索―理论篇,22712,高级,//img3.mukewang.com/572aff7f0001633306000338-240-135.jpg,['PHP'],sphinx，影响您职场身价的利器，教程循序渐进，通俗易懂
PHP微信公众平台开发高级篇―网页授权接口,22574,高级,//img.mukewang.com/56e10dac0001a30c06000338-240-135.jpg,['PHP'],一招获取微信用户资料信息，进而实现业务逻辑，完美
PyConChina 2015 中国大会 北京场,22195,高级,//img.mukewang.com/563177c80001626506000338-240-135.jpg,['Python'],PyConChina2015大会干货分享，了解Python最新技术热点和动向
Java实现邮箱验证,22041,中级,//img1.mukewang.com/587c76150001a0ab06000338-240-135.jpg,['Java'],本视频教程主要介绍如何使用JavaMail进行邮箱验证，由浅入深
JAVA实现非对称加密,21599,中级,//img4.mukewang.com/54af7b060001f1c606000338-240-135.jpg,['Java'],非对称加密算法在JAVA中的实现，了解非对称加密算法应用场景
Hibernate初探之多对多映射,21461,高级,//img1.mukewang.com/55a5f6c100016bb806000338-240-135.jpg,['Java'],Hibernate中多对多关联映射的配置，多对多关联关系的应用场景
Java实现图片等比例缩略图,21448,中级,//img1.mukewang.com/5677b29b0001fe3e06000338-240-135.jpg,['Java'],视频教程以实例的方式，讲解Java平台实现图片等比例缩略图生成
探秘Spring AOP,21095,高级,//img2.mukewang.com/597fe9340001624e06000338-240-135.jpg,"['Java', 'SpringBoot']",让我们一起探秘Spring Aop
Java实现消息摘要算法加密,21035,中级,//img2.mukewang.com/54c89f07000100e106000338-240-135.jpg,['Java'],Java中应用消息摘要算法进行加解密，以及他们的应用场景
轻松学会Laravel-表单篇,20929,中级,//img.mukewang.com/57a2e0600001e30906000338-240-135.jpg,['PHP'],Laravel框架是世界上最流行的PHP框架，没有之一
揭秘PHP模糊查询技术,20854,中级,//img4.mukewang.com/570763450001534706000338-240-135.jpg,['PHP'],PHP模糊查询分析与实现，本课程从本质上揭密PHP模糊查询技术
与《Yii框架》不得不说的故事―高效篇,20440,中级,//img.mukewang.com/55939b99000114db06000338-240-135.jpg,['PHP'],本教程代领大家学习YII如何提升程序运行效率以及开发效率
PHP第三方登录―微博登录,20418,高级,//img3.mukewang.com/56e1321f0001550c06000338-240-135.jpg,['PHP'],使用微博官方SDK快速接入微博登录，绝对不应该错过本门课程
IntelliJ IDEA神器使用技巧,20227,初级,//img.mukewang.com/5a2f4d7f00012c8106000338-240-135.jpg,['Java'],充分利用intellij idea各类技巧来提高你的开发效率
python自动化运维篇,19821,初级,//img4.mukewang.com/598186000001813106000338-240-135.jpg,['Python'],如何把运维的工作流程化、标准化、自动化已经是迫在眉睫的问题。
站在巨人的肩膀上写代码―SPL,19730,高级,//img1.mukewang.com/57466bb0000135cf06000338-240-135.jpg,['PHP'],SPL，一个能找到登上绝顶的天梯，学会后能提高实际工作的效率
那些年你遇到的错误与异常,19612,中级,//img3.mukewang.com/572b06f40001d1c806000338-240-135.jpg,['PHP'],本课程将由浅入深，与大家分享异常及异常的实战应用
与《Yii框架》不得不说的故事―工具篇,19525,中级,//img.mukewang.com/561b652d000174a306000338-240-135.jpg,['PHP'],本教程主要学习Composer、Debug和GII等工具，提高开发效率
洪大师带你解读Symfony2框架,18510,高级,//img4.mukewang.com/572afefd0001383b06000338-240-135.jpg,['PHP'],洪大师教你玩转强大的框架-Symfony2，提高代码性能
大型PHP电商网站商品秒杀功能实现思路分析,18476,高级,//img.mukewang.com/57de2e670001dedf06000338-240-135.jpg,['PHP'],"本课程属于PHP高级教程，汇集前沿技术，实现商品秒杀，小白慎入		"
轻松愉快之玩转SpringData,18404,中级,//img.mukewang.com/58e6081c00012ec206000338-240-135.jpg,"['Java', '大数据']",利用Spring Data提高开发效率，提升程序员的幸福指数
轻松学会Laravel-高级篇,18335,中级,//img3.mukewang.com/581bec530001202106000338-240-135.jpg,['PHP'],Laravel框架高级教程，介绍Laravel提供的工具和功能，快来体验
PHP微信公众平台开发高级篇―模板消息接口,18109,高级,//img1.mukewang.com/56e10dc00001c13106000338-240-135.jpg,['PHP'],模板消息，快到碗里来，可以应用于刷卡通知，商品购买成功通知
GD库实现图片水印与缩略图,17917,中级,//img1.mukewang.com/57075a1f0001806606000338-240-135.jpg,['PHP'],带你快速高效的完成图片处理工作，还可以加深对面向对象的理解
新一代构建工具gradle,17785,初级,//img1.mukewang.com/590a904f0001138f06000338-240-135.jpg,['Java'],gradle轻松入门教程，学习本课对gradle进行初步了解
php构建即时通讯系统,17359,中级,//img4.mukewang.com/58ec5443000171ca06000338-240-135.jpg,['PHP'],PHP不仅可以构建Web项目，还可以构建即时通讯应用:如实时聊天、在线游戏
ElasticSearch入门 ,16862,中级,//img2.mukewang.com/59b77bac0001985906000338-240-135.jpg,"['Java', '大数据']",ElasticSearch轻松入门，Spring Boot集成ES
Gopher China 2015 上海大会,16444,高级,//img3.mukewang.com/570778af0001d93706000338-240-135.jpg,['Go'],go干货尽在GopherChina2015上海大会，干货太多，准备好纸巾
Java定时任务调度工具详解之Quartz篇,16072,中级,//img3.mukewang.com/5940992d0001cae906000338-240-135.jpg,['Java'],Java定时任务调度工具详解之Quartz篇
高性能的PHP日志系统―SeasLog,16029,高级,//img.mukewang.com/572afedd0001a67a06000338-240-135.jpg,['PHP'],一款不可错过的高性能的日志系统，带你全面细致地了解SeasLog
PHP之Yii2框架搭建完整博客系统,15931,中级,//img2.mukewang.com/5800c1ea0001868f06000338-240-135.jpg,['PHP'],Yii是PHP快速开发的最佳实践之一，一起领略yii2快速开发的风采
Java定时任务调度工具详解之Timer篇,15776,初级,//img4.mukewang.com/59195b4a00019b0d06000338-240-135.jpg,['Java'],Java定时任务调度工具详解之Timer篇
与《Yii框架》不得不说的故事―安全篇,15653,高级,//img2.mukewang.com/55bec3dd0001f71606000338-240-135.jpg,['PHP'],本教程主要讲解Yii对4种流行攻击方式的防范和处理
PHP微信公众平台开发高级篇―群发接口,15564,高级,//img2.mukewang.com/56e10dd4000108d706000338-240-135.jpg,['PHP'],不群发，无微信，通过本教程学习实现更灵活的群发能力
PHP-面向对象,15200,初级,//img1.mukewang.com/59acb1650001adce06000338-240-135.jpg,['PHP'],从面相过程到面向对象，带你深入理解面向对象编程思想，体验编程的奥妙！
PHP进阶篇-函数,15185,初级,//img3.mukewang.com/57fdecf80001fb0406000338-240-135.jpg,['PHP'],PHP入门必看教程，带你掌握PHP如何自定义函数和分析常见问题
PHP+AJAX实现表格实时编辑,15148,中级,//img4.mukewang.com/582917110001705506000338-240-135.jpg,['PHP'],PHP和AJAX实现表格动态实时编辑案例，轻松实现最好的用户体验
与《Yii框架》不得不说的故事―扩展篇,14499,高级,//img3.mukewang.com/55e520760001c53906000338-240-135.jpg,['PHP'],本课程主要学习模块、事件机制、mixin以及依赖注入技术
PHP消息队列实现及应用,14291,高级,//img3.mukewang.com/594b40910001a47e06000338-240-135.jpg,['PHP'],消息队列是个什么玩意儿，使用队列解决秒杀等实际问题概念和使用方法
神奇的JpGraph类库,14221,中级,//img.mukewang.com/5707636b0001694206000338-240-135.jpg,['PHP'],JpGraph类库可以画出炫彩的统计图，掌握JpGraph类库的使用
Spring Boot热部署,14203,中级,//img3.mukewang.com/5a0948f900011d3a06000338-240-135.jpg,"['Java', 'SpringBoot']",Spring Boot热部署的原理和实现
web安全之SQL注入,14129,初级,//img1.mukewang.com/5991489e00019f5c06000338-240-135.jpg,['PHP'],SQL注入是整个WEB安全领域中比较重要的一部分
使用java构建和维护接口自动化测试框架,14050,中级,//img2.mukewang.com/593a3b0f0001383606000338-240-135.jpg,"['Java', '测试']",初识接口自动化框架
微服务架构在二手交易平台（转转）中的实践,12999,中级,//img2.mukewang.com/586395f4000145e006000338-240-135.jpg,['Java'],本课程是大会分享内容，微服务架构在转转(58集团)的落地实践
PHP函数篇,12562,初级,//img.mukewang.com/58f85fb20001139f06000338-240-135.jpg,['PHP'],自定义函数，PHP入门教程之必备课程，行业大牛带你飞。
Dwr实现JAVA服务器端向客户端推送消息,12406,中级,//img2.mukewang.com/5861d2500001d39406000338-240-135.jpg,['Java'],dwr轻松帮你实现server push。
快速入门ThinkPHP 5.0 --模型篇,12353,初级,//img2.mukewang.com/594cf6120001ddaf06000338-240-135.jpg,['PHP'],"Thinkphp5.0已发布多时,想了解thinkphp 5.0的新特性吗？老司机点准时出发"
php+mysql 模拟队列发送邮件,11840,中级,//img2.mukewang.com/57de28f80001651506000338-240-135.jpg,['PHP'],使用队列方式异步发送邮件防页面卡死，学完就知道强大之处
RBAC打造通用web管理权限,11630,中级,//img1.mukewang.com/5885a1f5000113a506000338-240-135.jpg,['PHP'],RBAC为商业系统安全防范手段，结合理论和实战介绍RBAC
SVN从入门到放弃,11392,中级,//img4.mukewang.com/5934bac20001a5c906000338-240-135.jpg,['PHP'],SVN-Ubuntu命令行操作 带你玩转SVN从基础命令深入高级应用
Golang之IO操作初接触,11280,初级,//img4.mukewang.com/57466a000001dfdc06000338-240-135.jpg,['Go'],"掌握Golang IO操作,游走二进制领域，在实战中学习Golang开发"
Ruby语言快速入门,10972,初级,//img2.mukewang.com/5844cb380001bddf06000338-240-135.jpg,['Ruby'],Ruby基础入门教程，让十一年老兵带你走进ruby入门，了解入门知识
PHP进阶篇-字符串操作,10691,初级,//img1.mukewang.com/57fefb1c000165c306000338-240-135.jpg,['PHP'],PHP进阶教程，本课程主要讲解php中字符串及常用字符串函数使用
重定向和伪静态在网站中的应用,10424,中级,//img2.mukewang.com/58807245000110e206000338-240-135.jpg,"['PHP', 'Linux']","重定向和伪静态,网站安全SEO优化必学，演示各种重定向设置后效果"
Golang之文本编码处理,10319,初级,//img.mukewang.com/57466a0d000146db06000338-240-135.jpg,['Go'],"掌握对Golang语言中文本编码处理的应用, 搞定日常操作"
RxJava与RxAndroid基础入门,9944,中级,//img3.mukewang.com/5981a729000188dc06000338-240-135.jpg,"['Java', 'Android']",RxJava与RxAndroid入门
PHP进阶篇-日期时间函数,9942,初级,//img1.mukewang.com/58329cbf0001357406000338-240-135.jpg,['PHP'],PHP开发中常用功能，日期时间函数库的使用，干货满满的教程
实例学习 PHP QRCode生成二维码,8920,初级,//img4.mukewang.com/5968262c00011d2606000338-240-135.jpg,['PHP'],本门课程主要讲解如何使用 PHP 生成识别二维码!
vagrant打造跨平台可移动的开发环境,8884,中级,//img.mukewang.com/58aa91850001a4f406000338-240-135.jpg,"['PHP', 'Linux']",Vgarant是开发者必备利器之一，本课程主要分为理论和实践两部分
PHP扩展安装指南,8256,中级,//img4.mukewang.com/58329e8a0001068806000338-240-135.jpg,['PHP'],PHP扩展你掌握了吗，通过学习本教程能够加深PHP扩展的管理和安装
PHP项目中的Gitflow多人协作开发工作流,7413,中级,//img1.mukewang.com/581ad6880001154b06000338-240-135.jpg,['PHP'],一个围绕项目发布的严格git分支模型，让我们一睹Gitflow的风采
CDN与智能DNS原理和应用,7343,高级,//img4.mukewang.com/5a0ae20a000173ed06000338-240-135.jpg,['PHP'],CDN可以让用户更快速访问我们的互联网内容，也可以支持更大规模的访问量
PHP进阶篇-GD库图像处理,7115,初级,//img3.mukewang.com/58329bdb00011cca06000338-240-135.jpg,['PHP'],想通过PHP中GD函数库灵活操作图像吗，点击学习本教程可以实现
浅析SQLmap,6987,中级,//img4.mukewang.com/5977373b0001318505910331-240-135.jpg,"['PHP', '测试']",如何开发一个既稳定又安全的web系统？那来学习web安全吧.
Spring Boot 2.0深度实践-初遇Spring Boot,6695,中级,//img.mukewang.com/5a52ee3500016ec706000338-240-135.jpg,"['Java', 'SpringBoot']",Spring Boot 2.x/Web Flux/多模块化项目实践
PHP中的会话控制,6266,初级,//img.mukewang.com/59c3917900011b8106000338-240-135.jpg,['PHP'],带你了解PHP中的会话控制技术。
DevOps和云计算初识,6156,中级,//img1.mukewang.com/59f68815000169b006000338-240-135.jpg,"['云计算', 'Go']",学习DevOps和云计算的初步知识
Go语言开发微信公众号,6000,中级,//img3.mukewang.com/5a409d3100019c4406000338-240-135.jpg,['Go'],想用Go语言做微信公众号的开发么？
Discuz!X二次开发――前台篇,4899,初级,//img.mukewang.com/590c54d40001973c06000338-240-135.jpg,['PHP'],Discuz你一定听说过，一起跟着我搞定Discuz二次开发，与众不同！
使用Google Guice实现依赖注入,4631,高级,//img1.mukewang.com/59dc2a180001f0a112010679-240-135.jpg,"['Java', 'SpringBoot']",谷歌大神带你重新理解依赖注入，示范Guice和Spring Boot如何协作
Python制作数据分析工具,4346,中级,//img3.mukewang.com/5a5854970001e9a106000338-240-135.jpg,"['机器学习', '深度学习']",用Python制作一个高效的数据诊断工具
python必学模块-collections,3993,初级,//img1.mukewang.com/5a54a6400001e53006000338-240-135.jpg,['Python'],快速理解python中基于基础数据结构的高级数据结构，让代码更精简且高效。
Beanstalkd-带你玩转消息队列,3173,中级,//img.mukewang.com/5a0018470001386b06000338-240-135.jpg,['PHP'],beanstalkd-轻松驾驭PHP消息队列，带你一起挖掘消息处理的真实逻辑！
搭建并行处理管道，感受GO语言魅力,2980,中级,//img2.mukewang.com/5a321bac00013f9506000338-240-135.jpg,['Go'],"通过搭建并行数据处理管道，展示go语言在并发编程方面的优势			"
PhpStorm的基本应用,2114,初级,//img.mukewang.com/5a6190720001551506000338-240-135.jpg,['PHP'],PHP开发者神器PhpStorm 
大道至简之Guns框架介绍,1987,中级,//img1.mukewang.com/5a5824c100019a8506000338-240-135.jpg,['Java'],快速搭建后台管理平台，了解如何通过框架自动生成代码
