Vue+Webpack打造todo应用,4431,中级,//img3.mukewang.com/5a56fdb400017d0306000338-240-135.jpg,"['前端工具', 'Vue.js']",用前端最热门框架Vue+最火打包工具Webpack打造todo应用
css定位 position,7847,初级,//img1.mukewang.com/5a43337e0001160006000338-240-135.jpg,['HTML/CSS'],老师带你了解CSS中定位的知识，并运用到实际案例中。
前端内容的自动化构建,8471,初级,//img1.mukewang.com/5a2516840001a77006000338-240-135.jpg,['前端工具'],手把手教你如何自动化构建JavaScript和CSS
从JS到TS开发数独游戏（TS版）,7215,中级,//img3.mukewang.com/59df4dd500013d0606000338-240-135.jpg,['JavaScript'],使用TS语言为主的前端开发技术实现数独游戏
从JS到TS开发数独游戏（JS版）,7722,中级,//img1.mukewang.com/59e5d8fa0001265206000338-240-135.jpg,['JavaScript'],使用JS语言为主的前端开发技术实现数独游戏
阿里D2前端技术论坛――2016初心,7133,高级,//img.mukewang.com/59bfab740001369a06000338-240-135.jpg,"['JavaScript', '前端工具']",2016年最前沿最顶端的技术分享
Javascript实现二叉树算法,18417,高级,//img1.mukewang.com/59ae0e2a0001307706000338-240-135.jpg,['JavaScript'],感受JS与数据结构的魅力。
基于websocket的火拼俄罗斯（升级版）,12559,高级,//img3.mukewang.com/59ed97230001b1e106000338-240-135.jpg,"['HTML/CSS', 'JavaScript']",基于H5 websocket的火拼俄罗斯方块升级版，双人对战升级喽！
基于websocket的火拼俄罗斯（单机版）,15619,高级,//img2.mukewang.com/59ed9710000112b006000338-240-135.jpg,"['JavaScript', '前端工具']",前端大牛带你实现单机版俄罗斯方块！
基于Websocket的火拼俄罗斯（基础）,18622,中级,//img3.mukewang.com/59ed96eb0001fe3606000338-240-135.jpg,"['JavaScript', 'Node.js']",HTML5火拼俄罗斯基础讲解。
使用React构建一款音乐播放器,17102,中级,//img3.mukewang.com/597e96f10001c25f06000338-240-135.jpg,['React.JS'],从零开始使用React构建一款音乐播放器
前端性能优化-通用的缓存SDK,12515,中级,//img.mukewang.com/598026ce0001263d06000338-240-135.jpg,"['JavaScript', 'Node.js']",学习前端性能优化，突破工作瓶颈！
Requirejs和自动打包,8604,中级,//img2.mukewang.com/586b64ee0001df7906000338-240-135.jpg,['前端工具'],学习requirejs和它的打包优化
Handlebars模板引擎,9155,中级,//img3.mukewang.com/59635a210001d39e25001408-240-135.jpg,"['JavaScript', 'jQuery']",使用Handlebars.js模板渲染页面。
常用的网页加载进度条,22023,初级,//img4.mukewang.com/59560e140001b88606000338-240-135.jpg,['JavaScript'],通过课程，让你学习到网页中常见的进度加载的实现方式.
浅谈搜索引擎_SEO,18326,初级,//img2.mukewang.com/5950ad6f0001903f06000338-240-135.jpg,['HTML/CSS'],如何使用SEO让大家能更好的搜索到你的网站。
星级评分原理和实现（下）,8124,中级,//img3.mukewang.com/59ed96c10001dcd006000338-240-135.jpg,"['JavaScript', 'jQuery']",本课程主要讲解如何使用不同的方式来实现星级评分的效果。
Angular-cli基础,12172,初级,//img2.mukewang.com/59437af00001461e06000338-240-135.jpg,['Angular'],介绍Angular CLI命令使用，通过Angular CLI构建一个简单的Angular2的应用
Hybrid设计,15401,中级,//img2.mukewang.com/593e7d0f00014f4806000338-240-135.jpg,"['JavaScript', 'Html5']",畅谈Hybrid开发的种种，让你对Hybrid有更深入的了解
UI框架foundation6入门（下）,5104,初级,//img3.mukewang.com/5913fe4a00014c5406000338-240-135.jpg,['JavaScript'],深入浅出的带你学习Foundation 6框架，结合代码进行讲解。
UI框架foundation6入门（上）,7986,初级,//img3.mukewang.com/5912fca600014c5406000338-240-135.jpg,['JavaScript'],深入浅出的带你学习Foundation 6框架，结合代码进行讲解。
星级评分原理和实现（上）,16902,中级,//img1.mukewang.com/591d59cc0001a3c706000338-240-135.jpg,"['jQuery', 'CSS3']",本课程主要讲解如何使用不同的方式来实现星级评分的效果.
JS实现京东无延迟菜单效果,38078,中级,//img2.mukewang.com/5909383700016b7906000338-240-135.jpg,"['HTML/CSS', 'JavaScript']",JS模拟京东商城无延迟菜单效果，学习菜单结构和样式处理
bootstrap快速入门,49456,高级,//img1.mukewang.com/590053190001556d06000338-240-135.jpg,['Bootstrap'],bootstrap是目前最流行的框架之一，能够带你快速搭建网页！
图片预加载,29091,中级,//img1.mukewang.com/58f848890001cd2206000338-240-135.jpg,"['JavaScript', 'jQuery']",预知发生的行为，提前加载需要的图片，获得更好的用户体验
JS插件开发之-Tab选项卡,12860,中级,//img2.mukewang.com/58f0b42b0001233106000338-240-135.jpg,['jQuery'],Tab选项卡，通过教程学习，我们一一剖析它的实现原理
DatePicker组件开发,12575,中级,//img3.mukewang.com/58df52310001cf4506000338-240-135.jpg,"['HTML/CSS', 'JavaScript']",使用原生JS完成一个日期选择器（datepicker）组件的开发
Web安全-XSS,25296,初级,//img4.mukewang.com/58db6c5f00018a9406000338-240-135.jpg,"['HTML/CSS', 'JavaScript']",从Web安全XSS的定义开始讲起，从原理到实战全方位理解XSS安全
Angular2一小时快速入门,40980,中级,//img3.mukewang.com/58be16f8000106d706000338-240-135.jpg,['Angular'],Angular2一小时快速入门教程，帮助大家快速上手Angular2开发
ReactNative基础与入门,36914,初级,//img1.mukewang.com/58b7d4ac0001699006000338-240-135.jpg,"['Android', 'React.JS']","敲开React Native的大门,掌握未来趋势新技术"
webpack深入与实战,47651,高级,//img.mukewang.com/58a14cad0001321c06000338-240-135.jpg,['前端工具'],webpack实战教程，用真实项目带你探索 webpack 强大的功能
使用vue2.0实现购物车和地址选配功能,65659,中级,//img4.mukewang.com/587dd3d50001112f06000338-240-135.jpg,"['JavaScript', 'Vue.js']",本视频教程结合案例完整贯穿各个知识点，轻松玩转vue2.0框架
Yarn构建工具入门基础,7684,高级,//img.mukewang.com/584685e600010f8a06000338-240-135.jpg,['JavaScript'],带你了解 facebook新工具yarn的基本工作流，以及Yarn 的常用命令
在React中使用Redux数据流,19150,中级,//img1.mukewang.com/580486e6000133fd06000338-240-135.jpg,['React.JS'],在react中使用redux数据流，通过一个样例工程的开发了解具体原理
AC2016腾讯前端技术大会,49591,高级,//img3.mukewang.com/58533fe900019f3006000338-240-135.jpg,"['JavaScript', 'Node.js']",腾讯前端技术团队2016前端技术大会现场实录，最新经验分享，不容错过
浏览器开发者工具使用技巧,29582,初级,//img2.mukewang.com/5833cee1000166b206000338-240-135.jpg,['前端工具'],在前端的开发和学习过程常用工具，定位前端常见BUG，提升解决问题能力
zepto设计和源码分析,11885,中级,//img.mukewang.com/58048dfb0001a10606000338-240-135.jpg,['JavaScript'],介绍zepto的设计框架和实现原理，看完后能轻松解读zepto所有源码
CSS深入理解之border,43757,高级,//img4.mukewang.com/5829792f00012c1f06000338-240-135.jpg,"['HTML/CSS', 'CSS3']",深入讲解border使用方法及应用，以及如何借助border完成布局
创业公司的Nodejs工程师,32560,高级,//img4.mukewang.com/57eb960300014d6606000338-240-135.jpg,['Node.js'],Nodejs工程师在创业团队的种种，如何做合适的技术选型
Roundtable前端分享专场,11322,高级,//img1.mukewang.com/57e0ffc6000194f906000338-240-135.jpg,"['Html5', 'Node.js']",美团前端团队最新技术分享，NPM基本用法和实用技巧介绍
前端实时可视化开发工具体验,36230,初级,//img2.mukewang.com/57d39fd400011b1006000338-240-135.jpg,['JavaScript'],使用可见即可得的开发模式，极大提高前端开发效率
移动端Web组件-Dialog对话框,22930,中级,//img.mukewang.com/57badee70001709706000338-240-135.jpg,['JavaScript'],教你学习移动端web组件开发，优化扩展渐近增强的开发过程
CSS深入理解之padding,44249,高级,//img3.mukewang.com/57fcab030001707f06000338-240-135.jpg,['HTML/CSS'],本css视频教程中，将深入介绍CSS中padding属性的特点，常用特性
JavaScript正则表达式,76103,初级,//img2.mukewang.com/57ab14aa0001bc9706000338-240-135.jpg,['JavaScript'],JavaScript正则表达式教程，理解之后，正则表达式比你想象的简单
vue.js入门基础,149739,中级,//img1.mukewang.com/57a0676800013b2506000338-240-135.jpg,['Vue.js'],本门为vuejs入门教程，详细的讲解加实战，可以帮你进入vuejs的大门
Echarts3.0入门基础与实战,32833,中级,//img.mukewang.com/578f36fe00011d9006000338-240-135.jpg,"['JavaScript', '大数据']",Echarts3.0入门视频教程，带你领略高逼格数据可视化的魅力
jQuery基础(五)一Ajax应用与常用插件,46946,初级,//img4.mukewang.com/5858a0370001890306000338-240-135.jpg,['jQuery'],如何用jquery实现ajax应用，加入学习，有效提高前端开发速度
TypeScript入门,29739,中级,//img3.mukewang.com/583fcefd0001c1c906000338-240-135.jpg,['JavaScript'],TypeScript入门视频教程包括TypeScript的基本概念、常用语法和高级特性
JS/jQuery宽高的理解和应用,28899,中级,//img3.mukewang.com/56d0180f00019d3506000338-240-135.jpg,"['JavaScript', 'jQuery']",js/jquery各种宽高的理解，结合实例对宽高做一些简单的应用
Canvas 绘制时钟,40462,初级,//img4.mukewang.com/56d3f49e000136f106000338-240-135.jpg,['Html5'],canvas画出漂亮的时钟，通过本教程能重新掌握一些几何知识
jQuery实现自定义滚动条,34612,中级,//img1.mukewang.com/5784503f00017aac06000338-240-135.jpg,['jQuery'],来一次jQuery封装之旅，本教程带你深入理解滚轮事件交互
CSS深入理解之margin,44717,高级,//img2.mukewang.com/577c61d80001192206000338-240-135.jpg,['HTML/CSS'],本CSS教程带你深入讲解CSS的margin属性，解决你多年困惑
AngularJS表单验证,37565,高级,//img2.mukewang.com/55fd294e000175cc06000338-240-135.jpg,['Angular'],一看就明白的AngularJS表单验证
CSS3扁平化博客之文章页及常用组件,33817,中级,//img1.mukewang.com/56a6e218000122ca06000338-240-135.jpg,"['JavaScript', 'CSS3']",又一波 CSS3扁平化博客
从 psd 到 html,84664,初级,//img.mukewang.com/57552a9a0001778406000338-240-135.jpg,['HTML/CSS'],教你把PSD设计稿转化成HTML，用案例来讲解基本流程
原生 JS 实现帧动画库,39414,中级,//img2.mukewang.com/573e8ada00018d4506000338-240-135.jpg,['JavaScript'],了解如何用原生JS实现酷炫的帧动画，吸引他她的注意
jQuery基础(三)―事件篇,70377,初级,//img2.mukewang.com/563821d4000138a406000338-240-135.jpg,['jQuery'],jQuery第三阶段开启事件修炼，掌握对页面进行交互的操作
React实践图片画廊应用（下）,23517,高级,//img2.mukewang.com/5729a4ea00016dda06000338-240-135.jpg,['React.JS'],颠覆式前端UI开发框架-React，使用React打造图片画廊应用
React实战--打造画廊应用（上）,48693,高级,//img3.mukewang.com/571db8940001418006000338-240-135.jpg,['React.JS'],颠覆式前端UI开发框架 React，打造图片画廊实践案讲解
重拾CSS的乐趣,61076,中级,//img.mukewang.com/569cac7a00015dd706000338-240-135.jpg,"['HTML/CSS', 'CSS3']",开发中使用CSS时的一些经验感悟，魔法哥带你玩儿转有乐趣的CSS
CSS深入理解之z-index,35108,高级,//img.mukewang.com/56fb2f5c00013edf06000338-240-135.jpg,['HTML/CSS'],CSS技术大牛深入理解系列又一力作，z-index实践经验分享
JS实现人机大战之五子棋（AI篇）,35978,高级,//img.mukewang.com/56fc812d0001f1f106000338-240-135.jpg,['JavaScript'],"""AlphaGO""我要和你下五子棋，教程带你实现五子棋AI"
JS实现人机大战之五子棋（UI篇）,30123,中级,//img.mukewang.com/56f35c5900014a9906000338-240-135.jpg,['JavaScript'],利用js及canvas绘图知识，实现程序界面编写和交互逻辑处理
进击Node.js基础（二）,68188,高级,//img4.mukewang.com/56f22f160001bac306000338-240-135.jpg,['Node.js'],本教程带你攻破 Nodejs，让 JavaScript流畅运行在服务器端
jQuery基础(二)―DOM篇,91908,初级,//img1.mukewang.com/57466c8e00011b6f06000338-240-135.jpg,['jQuery'],jQuery第二阶段开启DOM修炼，了解创建、插入、删除与替换
jQuery基础 (一)―样式篇,163081,初级,//img4.mukewang.com/5704a68f0001e20206000338-240-135.jpg,['jQuery'],"jQuery初入开启样式修炼,体验万能的jQuery样式集搭建网站布局"
oeasy教你玩转css禅意花园,39914,中级,//img1.mukewang.com/5707795b00018b7006000338-240-135.jpg,['CSS3'],css设计领域经典例子禅意花园，36个设计让你彻底了解css
CSS深入理解之relative,42428,高级,//img.mukewang.com/57076ab20001abea06000338-240-135.jpg,['HTML/CSS'],relative实际使用经验分享，同时分享一些relative实践准则
HTML5+CSS3实现春节贺卡,92994,中级,//img3.mukewang.com/5705cf3a0001b61c06000338-240-135.jpg,"['Html5', 'CSS3']",又逢新春佳节，春节贺卡搞起来，学会HTML5+CSS3实现春节贺卡
Canvas玩儿转红包照片,48610,高级,//img3.mukewang.com/56a88ef50001863e06000338-240-135.jpg,"['Html5', 'WebApp']",教你玩儿转微信红包照片模糊效果，图像展示效果，深入了解canvas
阿里D2前端技术论坛――2015融合,26460,高级,//img3.mukewang.com/569c3f9600010da706000338-240-135.jpg,"['Node.js', 'WebApp']",2015顶级互联网公司前端技术经验总结，最热最实用的技术干货分享
学写一个字,65508,高级,//img4.mukewang.com/57077a210001c6a806000338-240-135.jpg,"['Html5', 'WebApp']",canvas系列第四课，与鼠标、触控交互，学习写出一个字
前端性能优化-基础知识认知,52297,中级,//img1.mukewang.com/5704ae0000015fe706000338-240-135.jpg,['JavaScript'],前端小白进级必学技能前端性能优化，主讲优化目的方法
AC2015前端技术大会,28250,高级,//img1.mukewang.com/56779bd90001990906000338-240-135.jpg,"['JavaScript', 'Html5']",腾讯多名AlloyTeam优秀讲师2015前端技术收获分享
jQuery基础(四)―动画篇,70527,初级,//img2.mukewang.com/563821b5000115e006000338-240-135.jpg,['jQuery'],jQuery基础教程动画篇，讲解jQuery基础开启动画修炼
去哪儿前端沙龙分享第三期,24966,高级,//img3.mukewang.com/5707784e0001d8d806000338-240-135.jpg,['Node.js'],本课程为去哪儿网前端交互沙龙第三期，精彩分享不容错过噢
H5+JS+CSS3 实现圣诞情缘,99205,高级,//img1.mukewang.com/5705d2fb0001b83206000338-240-135.jpg,"['Html5', 'CSS3']",为圣诞节准备的H5+JS+CSS特效案例教程，实现静与动的结合
慕课网技术沙龙之前端专场,35031,高级,//img.mukewang.com/5668e23600011d6506000338-240-135.jpg,"['Node.js', 'Angular']","从实战到理论全方位解读前端技术，都是项目中的宝贵的经验
"
Jquery插件transform旋转焦点图,29352,中级,//img2.mukewang.com/5746788d0001677106000338-240-135.jpg,['jQuery'],本视频教程教你制作带旋转效果的焦点图轮播器，结合案例学的更快
React入门,101846,高级,//img3.mukewang.com/55fd033c00018a0606000338-240-135.jpg,['React.JS'],颠覆式前端UI开发框架React入门视频教程，赶紧学起来
CSS深入理解之vertical-align,34075,高级,//img4.mukewang.com/57318075000127bc06000338-240-135.jpg,['HTML/CSS'],"深入理解vertical-align的属性值，分享开发中应用经验
  "
HTML5小游戏---爱心鱼（下）,39057,中级,//img1.mukewang.com/5704a90c0001f96506000338-240-135.jpg,['Html5'],通过一个清新美好的小游戏教程，熟悉游戏开发流程
FullPage.js全屏滚动插件,41774,中级,//img3.mukewang.com/5608b1a20001e9dd06000338-240-135.jpg,['JavaScript'],基于jQuery的全屏滚动效果插件，让翻页显得格外的高端大气上档次
HTML5小游戏---爱心鱼（上）,76860,中级,//img1.mukewang.com/5704a8e4000122b406000338-240-135.jpg,['Html5'],学做HTML5游戏，轻轻松松带你上手，适合刚入手游戏开发的同学
Hello，移动WEB,95539,中级,//img4.mukewang.com/55f93f980001f52125001408-240-135.jpg,['WebApp'],课程介绍移动web的开发基础，排版布局，常见移动web问题
DOM探索之基础详解篇,85827,中级,//img3.mukewang.com/5774daca0001646506000338-240-135.jpg,"['HTML/CSS', 'JavaScript']",要知道前端大牛都是从精通DOM开始的，全面讲解DOM的基础知识
Sass进阶篇,35731,中级,//img3.mukewang.com/5704ac6e0001781f06000338-240-135.jpg,['Sass/Less'],对Sass其它较有难度的部分进行讲解，包括常用控制命令、函数
CSS3图片动态提示效果,49467,中级,//img.mukewang.com/5746790a0001947b06000338-240-135.jpg,['CSS3'],实用的CSS3图片动态提示效果，熟练掌握CSS动画的制作技法
Canvas玩转图像处理,50829,高级,//img.mukewang.com/570769b400014aaa06000338-240-135.jpg,['Html5'],canvas系列第三课，学会编写图像算法，一起玩转图像处理吧
Velocity.js实现弹出式相框,25187,中级,//img1.mukewang.com/574678450001bc2c06000338-240-135.jpg,['JavaScript'],超给力动画插件，动画从此信手拈来，从此网页变得生动起来
H5+JS+CSS3实现七夕言情,169289,高级,//img2.mukewang.com/5705d31a00013ca706000338-240-135.jpg,"['JavaScript', 'jQuery']",为七夕节准备的H5+JS+CSS3特效案例，由浅入深案例拆分讲解
JS插件开发之LightBox图片画廊(下),14134,中级,//img.mukewang.com/5704aa6e000158f106000338-240-135.jpg,['JavaScript'],带领大家封装图片画廊插件，通过实例进行前端知识综合演练
JS插件开发之LightBox图片画廊(上),24654,中级,//img3.mukewang.com/5704aa2f0001248206000338-240-135.jpg,['JavaScript'],图片画廊插件开发综合演练，快来加入我们的课程吧
HTML5和CSS3扁平化风格博客,79076,中级,//img2.mukewang.com/5705b6280001fda106000338-240-135.jpg,"['HTML/CSS', 'CSS3']",HTML5与CSS3搭建超酷扁平化风格博客
侧栏工具条开发,61151,中级,//img1.mukewang.com/5705b7eb00018a4f06000338-240-135.jpg,"['JavaScript', 'CSS3']",带动画效果的工具条，掌握如何用CSS3完成简单的动画效果
去哪儿前端沙龙分享第二期,21646,高级,//img2.mukewang.com/5594a3540001236306000338-240-135.jpg,"['Node.js', 'WebApp']",去哪儿网前端交互沙龙第二期，去哪儿网工程师开发经验分享
JS+CSS3实现“粽情端午”,34243,中级,//img1.mukewang.com/5704a9a30001a6ef06000338-240-135.jpg,"['JavaScript', 'CSS3']",用JS和CSS3技术实现3D效果粽子特效动画，掌握动画制作过程
JS+CSS3实现带预览图幻灯片效果,47538,中级,//img4.mukewang.com/5704a9680001db7606000338-240-135.jpg,"['JavaScript', 'CSS3']",同样的幻灯片，不一样的切换，学会实现思路，操作很简单
CSS深入理解之line-height,37688,高级,//img4.mukewang.com/57076b110001832406000338-240-135.jpg,['HTML/CSS'],带领大家深入理解line-height的定义，还有实际应用经验分享
前端工程师必备的PS技能――切图篇,215099,中级,//img3.mukewang.com/578741d3000151e806000338-240-135.jpg,"['前端工具', '设计工具']",前端开发需要的Photoshop技巧，结合实际例子教会大家如何操作
SVG实现Tooltip气泡效果,23930,高级,//img2.mukewang.com/5562dfc00001c06106000338-240-135.jpg,['Html5'],使用HTML5制作一个漂亮的SVG气泡，学会chrome调试CSS和LESS
Sass入门篇,79106,中级,//img.mukewang.com/5704ab6c00019fad06000338-240-135.jpg,['Sass/Less'],Sass入门视频教程，学会Sass使你摆脱重复编写代码的工作
版本控制入门 C 搬进 Github,101417,初级,//img4.mukewang.com/570779090001f12106000338-240-135.jpg,['前端工具'],Git版本控制/Github社会化编程平台，最短的时间上手 Git
JS实现“旋转木马”幻灯片效果,58960,中级,//img2.mukewang.com/5704aaa100019cdc06000338-240-135.jpg,['JavaScript'],JS组件封装，制作一个图片幻灯片切换效果，一起学习吧
CSS3+JS 实现超炫的散列画廊特效,39980,中级,//img4.mukewang.com/552b2ab00001b9a306000338-240-135.jpg,"['JavaScript', 'CSS3']",实现更自由的切换照片的画廊效果，打造超酷的切换动画
Qnext前端交互沙龙,25402,高级,//img.mukewang.com/570777df00014c0c06000338-240-135.jpg,"['JavaScript', 'Node.js']",去哪儿网前端交互沙龙第一期内容精彩呈现
Sass和Compass必备技能之Compass,18707,高级,//img2.mukewang.com/5705d47f0001b11806000338-240-135.jpg,['Sass/Less'],结实Compass，通过这个工具来帮助你写出更优秀的CSS
全屏切换效果,78979,中级,//img1.mukewang.com/5704ae32000116d006000338-240-135.jpg,"['jQuery', 'CSS3']",如何在PC和移动端实现全屏切换效果，本课程会给你答案
css3实现网页平滑过渡效果,46676,中级,//img.mukewang.com/552498510001ac2306000338-240-135.jpg,['CSS3'],CSS3 打造页面之间的平滑过渡效果，带来神奇的体验
Sass和Compass必备技能之Sass篇,23944,高级,//img3.mukewang.com/5705d49e0001c7d306000338-240-135.jpg,['Sass/Less'],Sass与Compass初体验，初恋即深恋，助您写出更优秀的CSS
进击Node.js基础（一）,191884,高级,//img1.mukewang.com/56f22f3900012d0206000338-240-135.jpg,['Node.js'],本视频教程带你揭开Node.js的面纱，带你走进一个全新世界
数学知识在CSS动画中的应用,34782,中级,//img3.mukewang.com/57076c3300013e9206000338-240-135.jpg,"['HTML/CSS', 'CSS3']",在数学理论的基础上与CSS动画技巧结合实现酷炫效果
Avalon探索之旅基础教程――复杂绑定,9018,高级,//img2.mukewang.com/5705d1a80001251b06000338-240-135.jpg,['JavaScript'],本课程为Avalon基础教程，带你领略前端迷您MVVM框架 Avalon
CSS动画实用技巧,68673,中级,//img.mukewang.com/57076c5b00016b0e06000338-240-135.jpg,"['HTML/CSS', 'CSS3']",本CSS教程教你使用CSS实现惊艳的动画效果，一起去领略一番
如何使用高德云图在线制作属于你的地图,55643,初级,//img1.mukewang.com/5518ecf20001cb4e06000338-240-135.jpg,"['Java', 'iOS']",教你迅速使用云图进行基于LBS的开发，怎样调用云图产品的接口
如何使用高德JS-API进行基于LBS的开发,17504,初级,//img2.mukewang.com/5513a1b50001752806000338-240-135.jpg,['JavaScript'],教你用高德JS-API进行基于LBS开发，动手实现你的第一个地图应用
用less写个新浪微博,37494,高级,//img1.mukewang.com/57077a480001e7c206000338-240-135.jpg,['Sass/Less'],用less构建新浪微博的个人主页，帮助大家更好的理解less的脉络
高德地图组件快速入门,59109,初级,//img1.mukewang.com/550a836c0001236606000338-240-135.jpg,"['Android', 'iOS']",本视频教程为大家带来如何使用地图组件进行基于LBS的开发
快乐的sublime编辑器,92370,高级,//img3.mukewang.com/5746720700019b5a06000338-240-135.jpg,['前端工具'],"展示sublimeText,讲透它的使用哲学，在功能和速度方面不输给 vim"
CSS3实现漂亮ToolTips效果,37904,中级,//img.mukewang.com/5704a852000181cf06000338-240-135.jpg,['CSS3'],CSS3 实现鼠标悬停弹出信息提示框，学习达到对CSS3深入了解的目的
Ajax全接触,187224,高级,//img2.mukewang.com/549bda090001c53e06000338-240-135.jpg,['JavaScript'],本课程通过一个案例，讲解Ajax的相关概念原理实现方式和应用
携程C4技术分享沙龙,36122,高级,//img.mukewang.com/57077a1200013d0206000338-240-135.jpg,"['测试', 'Vue.js']",来自携程C4技术沙龙的现场分享，小伙伴们赶紧来尝鲜吧
jQuery插件――Validation Plugin,61675,中级,//img4.mukewang.com/5546cf920001f58706000338-240-135.jpg,['jQuery'],validation让客户端表单验证变容易，缩短用户等待时间
canvas实现星星闪烁特效,46159,中级,//img1.mukewang.com/5704add60001e5f406000338-240-135.jpg,['Html5'],使用HTML5实现轮播图片上的序列帧，进行拆分讲解，逐步实现目标
CSS深入理解之overflow,36525,高级,//img1.mukewang.com/57076c050001041606000338-240-135.jpg,['HTML/CSS'],深入理解overflow相关特性及实际应用，为你打开另外一扇学习之窗
玩转KISSY框架,26421,高级,//img1.mukewang.com/570b07dd0001dcb406000338-240-135.jpg,['JavaScript'],全网唯一KISSY框架从入门到精通教程，还不赶紧学起来
CSS3实现“图片阴影”效果,30923,中级,//img4.mukewang.com/5704a78800018fb706000338-240-135.jpg,['CSS3'],利用多投影重叠的原理，实现曲线阴影与翘边阴影的效果
Web app---Rails技巧库,25805,高级,//img2.mukewang.com/570778e50001a2a806000338-240-135.jpg,['WebApp'],制作RubyOnRails网站应用的常用功能，初学者最想看的课程
W3Ctech “走进名企”小米专场,17574,高级,//img.mukewang.com/54ae5498000113d006000338-240-135.jpg,"['HTML/CSS', 'Html5']",本次分享有4位来自小米的前端工程师为大家带来前端最新实践
JavaScript深入浅出,223448,高级,//img3.mukewang.com/5705d3a3000129d006000338-240-135.jpg,['JavaScript'],由浅入深学习JS语言特性，且解析JS常见误区，从入门到掌握
玩转Bootstrap（JS插件篇）,108423,中级,//img4.mukewang.com/5704ae5d00013c9a06000338-240-135.jpg,['Bootstrap'],带领大家学习怎么使用JS自由控制Bootstrap中提供的组件
Avalon探索之旅基础教程---- 简单绑定,14271,高级,//img.mukewang.com/5705d1fa0001479606000338-240-135.jpg,['JavaScript'],前端迷你MVVM框架avalon的入门视频教程，赶快加入吧
Grunt-beginner前端自动化工具,57150,高级,//img4.mukewang.com/5705d297000175a806000338-240-135.jpg,['前端工具'],通过配置Grunt自动化工具，提高您的工作效率，出乎您的想象
用字体在网页中画ICON图标,38431,中级,//img.mukewang.com/5705d1300001a79c06000338-240-135.jpg,['HTML/CSS'],Font+HTML/CSS将会做到，小巧的体积、更快的加载速度
十天精通CSS3,186068,高级,//img3.mukewang.com/576b7c04000144dc06000338-240-135.jpg,['CSS3'],本课程为CSS3入门教程，深刻详解CSS3知识让网页穿上绚丽装备
移动端开发框架Zepto.js入门,74248,高级,//img.mukewang.com/546418750001a81906000338-240-135.jpg,['WebApp'],移动端开发必学框架---Zepto.js入门视频教程，学起来吧
带你学习Jade模板引擎,29649,高级,//img2.mukewang.com/570b07660001308206000338-240-135.jpg,['前端工具'],Jade教程，前端开发提速利器，让项目开发行云流水般顺滑
jQuery源码解析（DOM与核心模块）,63739,高级,//img3.mukewang.com/570b05f4000194e506000338-240-135.jpg,['jQuery'],由浅入深的剖析jQuery库的设计与实现，揭开框架背后的秘密
炫丽的倒计时效果Canvas绘图与动画基础,79950,高级,//img.mukewang.com/53bb8f280001929206000338-240-135.jpg,['Html5'],学习HTML5中最激动人心的技术Canvas，彻底释放自己的创造力
使用D3制作图表,30588,中级,//img3.mukewang.com/5434b8ae0001a50506000338-240-135.jpg,['Html5'],教你使用最酷的数据可视化图表，初探数据可视化奥秘
CSS深入理解之absolute,45582,高级,//img4.mukewang.com/57076bdd0001957c06000338-240-135.jpg,['HTML/CSS'],理解CSSposition:absolute声明，掌握position:absolute高级应用
FIS使用初级教程,28895,高级,//img1.mukewang.com/54584c5200015bd406000338-240-135.jpg,['前端工具'],本课程介绍FIS使用初级教程，学会让开发效率与页面性能飞起来
CSS3绚丽照片墙,50381,中级,//img1.mukewang.com/547ed1c9000150cc06000338-240-135.jpg,['CSS3'],CSS3属性轻松实现绚丽照片墙效果，展示不同位置不同角度多张照片
按钮特效,49089,中级,//img2.mukewang.com/57466c530001b3b106000338-240-135.jpg,['CSS3'],WEB前端开发必备能力，课程分为二个实例讲解，让你牢牢掌握
Canvas绘图详解,57274,高级,//img.mukewang.com/5731805200012a9c06000338-240-135.jpg,['Html5'],"Canvas系列教程第二课,详解Canvas各接口，让同学彻底掌握Canvas绘图"
玩转Bootstrap（基础）,253478,中级,//img4.mukewang.com/5704ae850001f59906000338-240-135.jpg,['Bootstrap'],告诉你使用Bootstrap，并且能够独立定制出适合自己的Bootstrap
jQuery源码解析（架构与依赖模块）,72896,高级,//img1.mukewang.com/570b064a00015a0c06000338-240-135.jpg,['jQuery'],由浅入深地剖析jQuery库的设计与实现，揭开框架背后的秘密
less即学即用,62711,高级,//img1.mukewang.com/5705d3df0001273706000338-240-135.jpg,['Sass/Less'],让您理解less与css的关系与作用，并且结合实际的例子深刻理解
HTML5音乐可视化,67449,高级,//img.mukewang.com/5705d3450001a90106000338-240-135.jpg,['Html5'],利用webAudio和canvas可视化你的音乐，让你的音乐动起来
Web app---Rails10日谈,28762,高级,//img3.mukewang.com/5746702500017c1606000338-240-135.jpg,['WebApp'],手把手带你一起做出一个小而美的 Web App，课程实用生动
形形色色的下拉菜单,95947,中级,//img2.mukewang.com/5746746100019fa706000338-240-135.jpg,"['JavaScript', 'jQuery']",本教程从易到难，循循渐进，运用不同技术实现动态下拉菜单
走进SVG,40097,高级,//img4.mukewang.com/5440b6f500013c5306000338-240-135.jpg,['Html5'],SVG是HTML5 中矢量图的标记语言，学习后掌握更多的干货
jQM Web App C列车时刻表,35195,中级,//img4.mukewang.com/5705b68f0001ce1506000338-240-135.jpg,['WebApp'],主流移动WEB应用程序开发框架，可以开发简单的Web App应用
AngularJS实战,193577,高级,//img.mukewang.com/5707699500012d5a06000338-240-135.jpg,['Angular'],一起学习AngularJS的基础教程，通过实例学习并学会AngularJS
node建站攻略(二期)――网站升级,48193,高级,//img.mukewang.com/570b06c700019d8106000338-240-135.jpg,['Node.js'],帮助你深入前后端开发留下的迷惑，为进一步自学打下基础
基于bootstrap的网页开发,156056,中级,//img.mukewang.com/5705b88c0001de9606000338-240-135.jpg,['Bootstrap'],Bootstrap框架的基础教程，学会用Bootstrap前端框架搭建网页
电商网站前端架构,89690,高级,//img1.mukewang.com/5705d54c0001528306000338-240-135.jpg,['JavaScript'],整个项目组织、开发、发布等流程，教你如何创建一个电子商务网站
HTML+CSS基础课程,838583,初级,//img.mukewang.com/529dc3380001379906000338-240-135.jpg,['HTML/CSS'],HTML+CSS基础教程8小时带领大家步步深入学习标签用法和意义
可调大小面板实现（Resizeable Panel）,11742,中级,//img2.mukewang.com/5704ad800001659006400360-240-135.jpg,['JavaScript'],前端UI组件仓库必备，先从分析实现原理到步骤分解，走完全过程
DOM事件探秘,91536,高级,//img4.mukewang.com/570aff630001881206000338-240-135.jpg,['JavaScript'],DOM事件？本课程会通过实例来给小伙伴们讲解如何使用这些事件
Tab选项卡切换效果,57528,中级,//img1.mukewang.com/53faa2b40001cce406000338-240-135.jpg,['JavaScript'],本课程详细介绍网页页面中最流行常用的tab切换效果
《全民寻找绿箭侠》游戏开发,25154,中级,//img.mukewang.com/53fc5cec0001043806000338-240-135.jpg,['Html5'],跟着高手开发游戏，每个步骤都带领大家进行代码断点演示
JavaScript进阶篇,346185,中级,//img4.mukewang.com/574678bd00010a7206000338-240-135.jpg,['JavaScript'],本课程从如何插入JS代码开始，带您进入网页动态交互世界
JS动画效果,95358,高级,//img2.mukewang.com/57466d580001d46806000338-240-135.jpg,['JavaScript'],通过本课程JS动画的学习，从简单动画开始，逐步深入各种动画框架封装
慕课网2048私人订制,60967,高级,//img4.mukewang.com/5358a36b0001503f06010338-240-135.jpg,['WebApp'],慕课网这款“2048私人订制”通过大神老的讲解学习到游戏结构的开发
用JavaScript实现图片剪切效果,32228,中级,//img2.mukewang.com/5704af560001629406000338-240-135.jpg,['JavaScript'],神奇的图片特效，还会给大家介绍css中让人惊喜的clip属性
D2前端技术论坛――2014绽放,37938,高级,//img1.mukewang.com/5707770d0001705706000338-240-135.jpg,"['Node.js', 'Angular']",本届D2将由各知名互联网公司的前端大牛们分享宝贵经验，精彩不容错过
SEO在网页制作中的应用,78354,初级,//img3.mukewang.com/54214727000160e306000338-240-135.jpg,['HTML/CSS'],让您快速迈进SEO的门，让更多的人来访问你的网站，不容错过
阿里懒懒交流会AngularJS专场,37629,高级,//img3.mukewang.com/5420d2f9000118e206000338-240-135.jpg,['Angular'],"阿里云前端团队深度解析AngularJS，深入浅出,干货不断,不容错过"
HTML5存储,49809,高级,//img4.mukewang.com/53e9bd410001ea4f06000338-240-135.jpg,['Html5'],本课程主要讲解浏览器端存储的实现方案，从而优化你的业务
网页广告特效,37516,中级,//img.mukewang.com/574675520001b41506000338-240-135.jpg,['JavaScript'],原来这么EASY，从浅到深，逐步优化代码，让你深入理解
商城分类导航效果,56463,中级,//img4.mukewang.com/5705b8100001154506000338-240-135.jpg,['JavaScript'],两种方法实现分类导航，同时扩展讲解其它商城分类导航的制作方法
HTML5+CSS3实现“共嗨世界杯”,23209,高级,//img2.mukewang.com/5707771f0001f51006000338-240-135.jpg,['CSS3'],献给男神的世界杯作品，看世界杯，学前端知识，两不耽误
CSS深入理解之float浮动,61738,高级,//img3.mukewang.com/57076c9b00015e4506000338-240-135.jpg,['HTML/CSS'],课程将会从感性的认识的角度讲解CSS float属性，浮动的前世今生
企业网站综合布局实战,129869,中级,//img.mukewang.com/5705d01e0001a04a06000338-240-135.jpg,['HTML/CSS'],本课程重点介绍HTML/CSS实现常见企业网站布局的方法
JavaScript入门篇,540830,初级,//img3.mukewang.com/53e1d0470001ad1e06000338-240-135.jpg,['JavaScript'],JavaScript做为一名Web工程师的必备技术，本教程让您快速入门
手把手教你实现电商网站开发,145800,中级,//img4.mukewang.com/53c4bf8200011aac06000338-240-135.jpg,['HTML/CSS'],本课程主要介绍电商网站基本制作流程，掌握整站开发过程，增加经验
信息排列效果,30113,中级,//img2.mukewang.com/574673940001426706000338-240-135.jpg,['JavaScript'],大咖教您节约网页空间的方法，快速学会信息排列效果的制作
CSS Sprite雪碧图应用,40577,中级,//img.mukewang.com/5746792c00013a6c06000338-240-135.jpg,['HTML/CSS'],必学的大型网站实用技术，让你快速掌握CSS Sprite雪碧图技术
瀑布流布局,84368,中级,//img.mukewang.com/536c49530001e2cd06000338-240-135.jpg,"['JavaScript', 'jQuery']",瀑布流布局是网站比较流行的一种布局方式，教你实现三大方式
表单验证,48980,中级,//img.mukewang.com/57466b3b0001091106000338-240-135.jpg,['JavaScript'],表单验证是JavaScript中的高级选项之一，输入框的验证
如何实现“新手引导”效果,43094,中级,//img4.mukewang.com/5791927a0001c2e806000338-240-135.jpg,['jQuery'],学会用 原生JavaScript代码和JQuery两种方式实现依次显示效果
When iOS loves JS,26437,高级,//img3.mukewang.com/536ae635000121e906000338-240-135.jpg,"['JavaScript', 'iOS']",了解iOS 7中内置的jsbinding技术，两者到底能产生怎样的化学反应
impress让你的内容“舞”起来,52278,初级,//img.mukewang.com/5386fece00016e0006000338-240-135.jpg,['JavaScript'],本教程向你介绍功能强大的制作演示文稿的工具，他叫做impress.js
CSS圆角进化论,24494,中级,//img.mukewang.com/5704a89a00016cf706000338-240-135.jpg,['HTML/CSS'],CSS小圆角，三种制作方式都教给你，并详细讲解每一种的实现方式
阿当大话西游之WEB组件,25640,高级,//img3.mukewang.com/536ad4a900012dc006000338-240-135.jpg,['JavaScript'],衡量攻城师能力是否成熟的重要指标，本课程会以弹窗组件为例
如何用CSS进行网页布局,177150,中级,//img1.mukewang.com/576b7b6c0001594106000338-240-135.jpg,['HTML/CSS'],用最简洁的案例教你布局的那些知识，这是前端工程师基本技能
网页简单布局之结构与表现原则,98234,中级,//img.mukewang.com/57466b8c0001389b06000338-240-135.jpg,['HTML/CSS'],入门必杀技之结构与表现相分离，课程会有3个案例，不同角度讲解
导航条菜单的制作,111039,中级,//img4.mukewang.com/57466cc50001a02006000338-240-135.jpg,['HTML/CSS'],水平、垂直、圆角导航条菜单，让您的技术探索之路更高效
前端开发工具技巧介绍―DW篇,197753,初级,//img1.mukewang.com/5704a5d50001582f06000338-240-135.jpg,['前端工具'],本教程主要讲解Dreamweaver使用技巧和重要实用模块，新手入门必备
移动端的WEB相册,45081,中级,//img4.mukewang.com/53acc68600017f4506000338-240-135.jpg,['WebApp'],本课程通过一个移动端相册案例，带您一步步了解移动端框架
WEB调试工具---Firebug,72128,初级,//img1.mukewang.com/5705b5990001312206000338-240-135.jpg,['前端工具'],Firebug让您快速找到问题所在，给Web开发带来极大的便利
Web App下图片滑动组件的开发,36419,中级,//img1.mukewang.com/5705d0d600013ea906000338-240-135.jpg,['WebApp'],本课程就是讲述从零开始，如何构建一个移动端的滑动组件
用JS实现购物车特效,33812,中级,//img.mukewang.com/574677a00001581e06000338-240-135.jpg,['JavaScript'],通过JavaScript实现类似淘宝网络购物车功能效果
Tooltip浮动提示框效果,23545,中级,//img4.mukewang.com/53913e120001096306000338-240-135.jpg,['JavaScript'],小效果大作用，提升用户体验度，提升编程兴趣和水平
QQ空间时光轴特效,25598,中级,//img2.mukewang.com/57466c260001ef3406000338-240-135.jpg,['JavaScript'],教你最流行的QQ空间时光轴特效，具有简洁，交互性好特点
表单美化,37566,中级,//img4.mukewang.com/57466af30001d55506000338-240-135.jpg,['HTML/CSS'],本教程讲解表单美化，主要是对方法和思路的分享，让表单与众不同
HTML5离线应用实战演练,44967,高级,//img3.mukewang.com/570affb1000141a106000338-240-135.jpg,['Html5'],一起来剖析离线阅读的技术吧，掌握如何搭建一个离线的Web App框架
鼠标拖拽效果,21677,中级,//img1.mukewang.com/532be5b00001b4ee06000338-240-135.jpg,['JavaScript'],用你的鼠标任意拖拽屏幕上的弹出窗口，了解把元素设置为可拖拽的原理
侧边栏信息展示效果,28018,高级,//img4.mukewang.com/574671350001728906000338-240-135.jpg,['JavaScript'],顶级大牛分享开发经验，学会实现侧边栏内容效果展示，让你迅速进阶
IT菜鸟逆袭指南（江湖篇）,92656,初级,//img3.mukewang.com/530c732400013e5106000338-240-135.jpg,['HTML/CSS'],疟了！码农逆袭有秘诀，想必会给正在启程的你一些启发
node+mongodb 建站攻略（一期）,83724,高级,//img4.mukewang.com/570b06920001114b06000338-240-135.jpg,['Node.js'],带你完整实现一个从前端到后端的项目，初中级前端开发工程师必学课程
Fiddler工具使用,42936,高级,//img3.mukewang.com/574671a2000109f806000338-240-135.jpg,['前端工具'],工具在手，效率不愁，内容紧扣实际工作，实战性极强，赶快学习吧
用Socket.io打造协作应用,16725,高级,//img1.mukewang.com/52e22c4200016e6e06000338-240-135.jpg,['JavaScript'],了解Socket.io在不同版本的浏览器，课程内容前沿，讲解透彻
Yahoo军规,33838,高级,//img1.mukewang.com/574670820001f87006000338-240-135.jpg,['JavaScript'],您要知道的网站性能优化规则，提高网站性能、快速访问网站不在是梦
响应式布局,111174,高级,//img2.mukewang.com/53e1d1f90001400a06000338-240-135.jpg,['Bootstrap'],使用Bootstrap前端框架，本教程让网站兼容不同终端不再是梦
使用AngularJS开发下一代Web应用,82291,高级,//img1.mukewang.com/53143b0a0001e15106000338-240-135.jpg,['Angular'],“化繁为简”更简洁的开发体验，并针对企业实战进行技术答疑
焦点图轮播特效,52332,中级,//img4.mukewang.com/574677390001be5006000338-240-135.jpg,['JavaScript'],通过本教程学习您将能掌握非常实用的焦点图轮播特效的制作过程
网页定位导航特效,64190,中级,//img3.mukewang.com/574676670001271f06000338-240-135.jpg,['JavaScript'],本课程讲解网页定位导航特效，仿天猫版地狗购物网，你值得拥有
帝堵抢车位动画制作,32870,初级,//img.mukewang.com/57466ccf0001d9cf06000338-240-135.jpg,['HTML/CSS'],带领大家做一个抢车动画效果，学会滑动动画效果，成为抢车位达人
CSS3 3D 特效,68574,初级,//img1.mukewang.com/57466c6a0001671406000338-240-135.jpg,['CSS3'],使用CSS3当中的属性，创建真实可用的三维效果
手风琴效果,34316,中级,//img4.mukewang.com/533a6cf10001e93806000338-240-135.jpg,"['HTML/CSS', 'JavaScript']",本视频教程通过实例讲解，教你轻松制作手风琴效果，学起来吧
回到顶部效果,40126,中级,//img2.mukewang.com/574672e300010a5d06000338-240-135.jpg,"['HTML/CSS', 'JavaScript']",回到顶部网站不可缺少的一部分，用JS实现炫酷拉风的回到顶部效果
用JavaScript实现图片缓慢缩放效果,29653,中级,//img.mukewang.com/534f8aec00016cec06000338-240-135.jpg,['JavaScript'],本课程讲解如何使用JavaScript技术实现图片缩放效果，并分析原理
用JS实现放大镜特效,24512,中级,//img2.mukewang.com/574677c300019bf706000338-240-135.jpg,['JavaScript'],"让图片看起来更美观，同时课程中详细介绍了JavaScript相关的知识点
"
人人网评论功能,23230,中级,//img2.mukewang.com/574676e50001587a06000338-240-135.jpg,['JavaScript'],仿人人网评论，让你的网页活跃起来，赶快来学习让功能的实现吧
移动优先的跨终端 Web,35808,高级,//img1.mukewang.com/5746729300016b5206000338-240-135.jpg,['WebApp'],移动互联时代您必须知道的跨终端技术，课程采用数据与案例，有章可循
鼠标悬浮效果,19045,中级,//img2.mukewang.com/535ef69a0001791f06000338-240-135.jpg,['JavaScript'],通过JS在鼠标移动的时候以淡入淡出的方式出现和隐藏相应的实景图
信息列表制作,20396,中级,//img.mukewang.com/52ce87010001b92806000338-240-135.jpg,['JavaScript'],带您玩转信息列表制作，掌握不同技术方法，提高Web开发经验
信息滚动效果制作,45236,中级,//img4.mukewang.com/574673fc0001097106000338-240-135.jpg,['JavaScript'],萌妹子带您快速学习滚动效果，掌握无缝滚动和歇间性滚动的制作方法
图片展示特效,26549,中级,//img3.mukewang.com/574676ae000108c706000338-240-135.jpg,['JavaScript'],使用JS技术实现图片展示效果效果，让网页增彩是否心动，快快加入我们
固定边栏滚动特效,33842,中级,//img4.mukewang.com/574677840001a33a06000338-240-135.jpg,['JavaScript'],剖析淘宝首页固定边栏滚动特效，通过JavaScript、jQuery等前端技术实现
弹出层效果,35726,中级,//img3.mukewang.com/574678220001cb6706000338-240-135.jpg,['JavaScript'],通过本课程的学习让您能灵活运用知识，制作出超炫的弹出层效果
倒计时效果,52157,中级,//img2.mukewang.com/574677dd0001f7a806000338-240-135.jpg,['JavaScript'],电商网站限时抢购倒计时效果计算思路和方法，前端开发必备技术
展开与收起效果,30311,中级,//img2.mukewang.com/574672fa0001e77b06000338-240-135.jpg,['JavaScript'],通过效果展示与案例分析，教您实现不同类型的展开与收起效果
搜索框制作,60616,中级,//img2.mukewang.com/52d11ce00001e81a06000338-240-135.jpg,['JavaScript'],本课程从简入深讲解搜索框的制作，学习JQ与JS实现Ajax技术的不同点
分页页码制作,45642,初级,//img2.mukewang.com/574671a30001bffe06000338-240-135.jpg,['HTML/CSS'],制作出具有高大尚样式的分页页码，学习到更多技术知识
HTML5之元素与标签结构,162612,高级,//img1.mukewang.com/5774db480001229006000338-240-135.jpg,['Html5'],详细探讨HTML5元素与标签结构知识，并深入拓展了全局属性的相关知识
前端开发工具技巧介绍―Sublime篇,160447,初级,//img4.mukewang.com/5704a54300013d5d06000338-240-135.jpg,['前端工具'],一款技术大牛高效编码神器，极大提高你的生产力
从D2到D2(大话游戏开发实战技巧),22329,高级,//img3.mukewang.com/52d5f01c0001d85b06000338-240-135.jpg,['Html5'],萌系攻城师演绎HTML5游戏开发技巧，掌握HTML5游戏开发中知识点
