Android瀑布流图片显示,975,中级,//img2.mukewang.com/598027a90001df8006000338-240-135.jpg,['Android'],Android瀑布流图片显示
Android多图上传技术实战之http普通请求封装,1561,中级,//img3.mukewang.com/5981462d0001c2e506000338-240-135.jpg,['Android'],Android多图上传技术实战之http普通请求封装
Android-NDK进阶,1759,中级,//img1.mukewang.com/5a405d45000175cb06000338-240-135.jpg,['Android'],本课程为NDK开发进阶教程，带领大家掌握在Android Studio中开发NDK的技能
Android互动直播APP开发入门,7512,初级,//img1.mukewang.com/5a279631000122db06000338-240-135.jpg,['Android'],Android互动直播APP开发入门，值得你学习的直播知识！
Android事件分发库的使用,1976,中级,//img4.mukewang.com/598025c60001e80c06000338-240-135.jpg,['Android'],Android事件分发库的使用
Bitmap高效缓存,2414,初级,//img2.mukewang.com/5a0154810001029b06000338-240-135.jpg,['Android'],Bitmap高效加载及Android缓存策略
Android节目直播案例开发,5372,初级,//img3.mukewang.com/5a138f3e0001589306000338-240-135.jpg,['Android'],手把手带你开发Android节目直播模块
Android引导页实现的四种方式,3999,中级,//img2.mukewang.com/598023620001774406000338-240-135.jpg,['Android'],Android引导页实现的四种方式
Android代码混淆与加固技术,3650,中级,//img1.mukewang.com/598d7b8000017aad06000338-240-135.jpg,['Android'],Android代码混淆与加固技术实战
iOS之分享集成,1170,中级,//img2.mukewang.com/59ed66280001374906000338-240-135.jpg,['iOS'],iOS分享功能的实现！
Fragment应用下,2718,初级,//img.mukewang.com/59e80cd60001341b06000338-240-135.jpg,['Android'],在项目中，灵活使用Fragment做视图组装，开销比Activity更小。
Android网络框架―AsyncHttpClient和XUtils,3942,中级,//img3.mukewang.com/59e716e2000167dc06000338-240-135.jpg,['Android'],介绍两种最常用网络框架的实际使用
RxJava与RxAndroid基础入门,9944,中级,//img4.mukewang.com/5981a729000188dc06000338-240-135.jpg,"['Java', 'Android']",RxJava与RxAndroid入门
iOS之FTP上传,2421,中级,//img3.mukewang.com/59c360de0001fefe06000338-240-135.jpg,['iOS'],轻松了解FTP上传机制！
Fragment应用上,4963,初级,//img1.mukewang.com/59c1c80e000193e606000338-240-135.jpg,['Android'],在项目中，灵活使用Fragment做视图组装，开销比Activity更小。
Android图表绘制之直方图,4783,中级,//img1.mukewang.com/599150070001993506000338-240-135.jpg,['Android'],Android图表绘制技术实战
集成MultiDex项目实战,2540,中级,//img3.mukewang.com/59af678e00017c3b06000338-240-135.jpg,['Android'],集成MultiDex项目实战
iOS开发之Audio特辑,2063,中级,//img4.mukewang.com/599ac6dd000118c406000338-240-135.jpg,['iOS'],Audio特辑教你完成音频处理以及语音识别！
Android常见的三种图片加载库,5122,中级,//img4.mukewang.com/57fb629000019d3d06000338-240-135.jpg,['Android'],进入网络图片加载库的思考和学习
号码归属地查询实用工具,4947,中级,//img4.mukewang.com/585778ca0001586306000338-240-135.jpg,['Android'],解析框架不知如何选择？本课程教你
iOS界面间传值,2861,初级,//img.mukewang.com/596c81600001bcd806000338-240-135.jpg,['iOS'],本课程将带你玩转界面之间的传值！
Android Multidex原理及实现,4416,中级,//img1.mukewang.com/5785deb30001002b06000338-240-135.jpg,['Android'],学会使用Multidex分包解决65535问题
Android常用异常集及解决方案,5480,初级,//img4.mukewang.com/590a8c9400013c5406000338-240-135.jpg,['Android'],介绍Android常用异常集及常用的几种解决方案
iOS推送通知,4525,中级,//img3.mukewang.com/593e702e00011cff06000338-240-135.jpg,['iOS'],本教程教你该如何实现iOS推送消息，了解push的相关业务功能
Andriod中的马大姐与周大嘴ContentProvider与BroadcastReceiver,4306,中级,//img2.mukewang.com/593606e60001a6c206000338-240-135.jpg,['Android'],Android中的ContentProvider与BroadcastReceiver介绍。
自定义实现顶部粘性下拉刷新效果,7350,中级,//img.mukewang.com/5908307600015cee06000338-240-135.jpg,['Android'],"构建一个可拉动的自定义View,自定义实现粘性下拉控件"
带你开发类似Pokemon Go的AR游戏,14323,初级,//img2.mukewang.com/592e40830001164306000338-240-135.jpg,"['iOS', 'Unity 3D']",用 Unity 3D开发AR游戏，分有卡和脱卡两种情况，并导出Android和iOS平台
iOS之多媒体开发,3628,初级,//img4.mukewang.com/59194c300001f2d606000338-240-135.jpg,['iOS'],教程为大家讲解音频、视频以及图片的处理，轻松搞定多媒体开发
自定义实现日历控件,9684,中级,//img.mukewang.com/5857737a0001533406000338-240-135.jpg,['Android'],从零开始，循序渐进，轻松掌握Android 自定义控件实现
即时通讯项目里面的语音处理-提高优化篇,3359,中级,//img1.mukewang.com/5858ea6d0001ea0406000338-240-135.jpg,['Android'],语音特效（音量可视化，变调变速）
iOS-特效相机(下集),2480,中级,//img3.mukewang.com/58ec8aa00001d49406000338-240-135.jpg,['iOS'],特效相机课程第二部分，基于iOS打开数字图像处理的“大门”
Android蓝牙本地操作,7647,高级,//img.mukewang.com/584f71f30001bc2306000338-240-135.jpg,['Android'],讲解Android中蓝牙基础知识，掌握蓝牙的功能及使用
带您完成神秘的涟漪按钮效果-提高篇,5357,中级,//img1.mukewang.com/580714cf0001aa9c06000338-240-135.jpg,['Android'],轻松实现控件涟漪效果，高级篇！
iOS-特效相机(上集),4565,中级,//img.mukewang.com/58da296d0001c7b106000338-240-135.jpg,['iOS'],基于iOS打开数字图像处理的“大门”
APP性能优化之内存优化,12361,中级,//img3.mukewang.com/58577eaf00017b9c06000338-240-135.jpg,['Android'],内存优化的原理，实战并有代码演示
ReactNative基础与入门,36914,初级,//img1.mukewang.com/58b7d4ac0001699006000338-240-135.jpg,"['Android', 'React.JS']","敲开React Native的大门,掌握未来趋势新技术"
Android记账本,11489,中级,//img.mukewang.com/58a150c90001fde806000338-240-135.jpg,['Android'],本课程是一个案例课程，主要讲解第三方库图标和数据库的结合使用
iOS之ReactiveCocoa框架,3900,中级,//img.mukewang.com/58afcb3500011bc306000338-240-135.jpg,['iOS'],本iOS视频教程让你快速上手ReactiveCocoa框架，达到灵活运用
不一样的自定义实现轮播图效果,11575,中级,//img.mukewang.com/5874812400013a5106000338-240-135.jpg,['Android'],Android开发自定义实现轮播图效果案例实现，从无到有让你会懂会用
即时通讯项目里面的语音处理-基础实现篇,5426,中级,//img2.mukewang.com/5858d4400001fb9d06000338-240-135.jpg,['Android'],安卓声音录制与播放功能，实现类似微信的语音消息发送与播放
Android视频播放器,13985,高级,//img.mukewang.com/5878a4180001d86f06000338-240-135.jpg,['Android'],Android系统自带的以及自定义播放器
iOS开发之Realm数据库,3007,中级,//img4.mukewang.com/587deb6f00013fa006000338-240-135.jpg,['iOS'],本教程从基础入手，让你短短几分钟轻松掌握Realm数据库的使用
Android-实用的App换肤功能,10465,中级,//img1.mukewang.com/5863529b0001b33106000338-240-135.jpg,['Android'],本教程从零开始带领大家完成替换手机默认皮肤的功能
iOS架构初探,16192,初级,//img3.mukewang.com/5857592a000107f806000338-240-135.jpg,['iOS'],iOS视频教程教你轻松搞定各种架构设计模式的学习，如MVC、MVVM等
Android网络框架-OkHttp使用,15562,高级,//img1.mukewang.com/5848fe1f0001ed9f06000338-240-135.jpg,['Android'],本视频教程主要讲解Android SDK 6.0之后网络请求框架，赶快学起来吧
Android Apk多渠道打包,9581,中级,//img3.mukewang.com/5822d2f40001f5c306000338-240-135.jpg,['Android'],本教程主要为学员讲解常用热门第三方实现多渠道打包，多平台打包上线
Android语音词典,7461,初级,//img.mukewang.com/58b7b2ed0001cc1506000338-240-135.jpg,['Android'],使用第三方讯飞语音实现中英文语音词典的功能
Android依赖管理与私服搭建,6607,中级,//img1.mukewang.com/589a813c0001527a06000338-240-135.jpg,['Android'],本视频教程主要讲Android依赖管理与私服搭建，实现多平台私服搭建
Android基础教程-SQLite高级操作,10049,初级,//img2.mukewang.com/5811cf4700010ea806000338-240-135.jpg,['Android'],本视频教程讲解Sqlite数据库查询和事务操作以及将数据分页加载
带您完成神秘的涟漪按钮效果-入门篇,7780,中级,//img4.mukewang.com/580714c000017ad706000338-240-135.jpg,['Android'],轻松实现控件涟漪效果，入门篇，针对Drawable实现方式进行开发
带你实现别样的Android侧滑菜单,9818,中级,//img3.mukewang.com/57feff6700012aa806000338-240-135.jpg,['Android'],学会熟练使用侧滑菜单之DrawerL，介绍常用菜单开源库SlidingMenu
长连接利器―网络框架解析之mina篇,7936,中级,//img1.mukewang.com/57888fbe00012a6b06000338-240-135.jpg,['Android'],apache mina框架如何在android中使用，并能通过mina与服务器进行通信
Android框架-GreenDao,9343,中级,//img.mukewang.com/5833e62b0001c2ad06000338-240-135.jpg,['Android'],GreenDao对象和数据库之间的媒介，本教程将从零开始介绍GreenDao
Android数据库解析应用,8370,中级,//img3.mukewang.com/57fc918700016c0c06000338-240-135.jpg,['Android'],Android数据库知识理论加实战。
Android基础-初识SQLite,15373,初级,//img2.mukewang.com/5811c6c80001c83e06000338-240-135.jpg,['Android'],学习Android数据库操作技巧
iOS-直播间礼品发送,3316,中级,//img.mukewang.com/57bc08150001e04a06000338-240-135.jpg,['iOS'],"快速实现移动直播App礼品发送功能，让自己的App也大放异彩
"
玩儿转swift3新特性,6151,中级,//img.mukewang.com/5817f56b0001054e06000338-240-135.jpg,['iOS'],着重介绍了Swift3的语法和Swift2的语法区别，最新版语言编程技巧
iOS快速构建IM功能,5883,中级,//img4.mukewang.com/58082cda0001d13b06000338-240-135.jpg,['iOS'],本视频教程将告诉大家在iOS开发中如何快速构建一个IM功能
okhttp框架解析与应用,15332,中级,//img4.mukewang.com/57fc5c8d00017abf06000338-240-135.jpg,['Android'],"本课绝对让你掌握okhttp网络框架，了解源码及其执行流程
"
不一样的RecyclerView优雅实现复杂列表布局,14513,中级,//img1.mukewang.com/57fb733900012d9d06000338-240-135.jpg,['Android'],教你更快捷简单的实现复杂列表布局，快来掌握她吧，她等着你哦
App压力测试入门,21797,初级,//img2.mukewang.com/57fb48700001289806000338-240-135.jpg,"['Android', '测试']",结合6个压力测试小案例，教你对Android App进行压力测试
Android6.0新特性,19788,中级,//img1.mukewang.com/57973c660001e3b106000338-240-135.jpg,['Android'],代码实战实现App能够适配6.0系统，了解新的特性
Android Data Binding实战-高级篇,11105,中级,//img4.mukewang.com/58009e130001b2a706000338-240-135.jpg,['Android'],Android官方数据绑定框架DataBinding，了解原理和基本用法
Android Data Binding实战-入门篇,12828,中级,//img2.mukewang.com/57d66de200014a7306000338-240-135.jpg,['Android'],Android官方数据绑定框架DataBinding入门视频教程
2小时搞定移动直播 App 开发,34531,初级,//img.mukewang.com/57b557fe0001f6f906000338-240-135.jpg,['iOS'],直播App开发视频教程，技术详解如何快速搭建移动直播App
Android的各种Drawable讲解,17306,初级,//img1.mukewang.com/5784a3310001c2e506000338-240-135.jpg,['Android'],了解Android各种Drawable用法，解决开发遇到图形的各种问题
Unity 3D游戏开发之脚本系统,22035,初级,//img2.mukewang.com/57a2b92d0001adec06000338-240-135.jpg,['Unity 3D'],一起撸游戏，本Unity基础教程设计开发中常用的方法与技巧
应用自动更新组件开发,17832,中级,//img1.mukewang.com/5795e97a000188dc06000338-240-135.jpg,['Android'],实现Android应用自动更新组件式开发，会使用我们开发的自动更新组件
360加速球核心效果实现,16746,中级,//img3.mukewang.com/579f0fb10001c5e006000338-240-135.jpg,['Android'],Android开发仿360加速球核心效果，助小伙伴进阶，学习之后收获满满
Alamofire的最佳实践,6696,中级,//img2.mukewang.com/576b4f800001f7f906000338-240-135.jpg,['iOS'],"Alamofire中常见问题的解决方案，快速理解swift http请求框架Alamofire
"
快速实现不一样的移动拼图,13920,中级,//img3.mukewang.com/57849fd40001638d06000338-240-135.jpg,['Android'],实现一个支持手势的移动拼图小游戏，手把手带你开发小游戏
iOS基础之搞定多线程,6573,初级,//img2.mukewang.com/5836857a00018b5a06000338-240-135.jpg,['iOS'],ios基础教程介绍多线程的四种实现技术方案，搞定多线程，让程序高效执行
Android饼图账单案例开发,6345,中级,//img3.mukewang.com/582d5f66000106bb06000338-240-135.jpg,['Android'],本教程手把手带你打造酷炫对账单效果，提升Android开发专业技能
iOS基础之UIImageView知识拓展(下),5189,初级,//img2.mukewang.com/57df595f0001299306000338-240-135.jpg,['iOS'],轻松掌握操作图片的更多技能，以及更多对UIImage的处理
iOS基础之UIImageView知识拓展(上),6947,初级,//img2.mukewang.com/57cd13f40001e1a406000338-240-135.jpg,['iOS'],掌握iOS图像处理之UIImage展示，了解UIImageView更多的用途
iOS-弹幕实现,12123,初级,//img1.mukewang.com/5791d3650001907806000338-240-135.jpg,['iOS'],随心所欲控制弹幕滑动的速度，弹幕的追加，设置弹幕的样式
手机服务器微架构设计与实现,23663,中级,//img2.mukewang.com/57725dcc0001b44906000338-240-135.jpg,['Android'],带你打造一个轻量级服务器微架构，积累项目经验，摆平面试官
iOS基础教程-数据解析,13691,初级,//img4.mukewang.com/577ca2870001722906000338-240-135.jpg,['iOS'],ios基础视频教程之带你了解如何解析JSON数据和XML格式的数据
Unity 3D地形编辑器,16328,初级,//img1.mukewang.com/5751265f00014b4606000338-240-135.jpg,['Unity 3D'],手把手教你如何使用Unity搭建游戏地形，丰富场景
玩儿转Swift 2.0（第四季）,12080,高级,//img4.mukewang.com/579193580001000306000338-240-135.jpg,['iOS'],Swift泛型、扩展、面向协议编程等，大家真正玩儿转swift
iOS基础教程-网络操作,16986,初级,//img.mukewang.com/576274480001a35006000338-240-135.jpg,['iOS'],iOS中的网络请求，Http在iOS中的实现
Android-百度地图之导航,24210,中级,//img.mukewang.com/575fc4c10001de0406000338-240-135.jpg,['Android'],百度地图-导航模块快速入门，轻松为应用程序实现导航功能
Cocos2d-x全民俄罗斯--下,8068,中级,//img1.mukewang.com/575e69d00001edfc06000338-240-135.jpg,['Cocos2d-x'],Cocos2d-x开发出俄罗斯方块的输入控制，移动，消除，漂亮
Cocos2d-x全民俄罗斯--上,11196,中级,//img3.mukewang.com/5750fa6d0001848e06000338-240-135.jpg,['Cocos2d-x'],Cocos2d-X引擎+Lua语言俄罗斯方块的制作及基本逻辑编写
玩儿转Swift 2.0（第三季）,12188,高级,//img1.mukewang.com/574cfc320001bedf06000338-240-135.jpg,['iOS'],玩儿转Swift面向对象，对swift语言的掌握达到中等偏上水平
Android动感系列-摇一摇,13723,中级,//img3.mukewang.com/574cf43d0001460006000338-240-135.jpg,['Android'],Android开发中，快速实现摇一摇+动画特效，已经都玩嗨了
Android-打造炫酷进度条,28824,中级,//img1.mukewang.com/5733fcce0001103506000338-240-135.jpg,['Android'],Android开发中各种各样的自定义进度条介绍，让你的APP更炫酷
Android-QQ登录,55902,中级,//img3.mukewang.com/573005ac0001646506000338-240-135.jpg,['Android'],QQ登录是QQ互联的基础接入功能，让应用快速实现QQ登录功能
Cocos2d-x坦克大战--下,12758,中级,//img1.mukewang.com/5727f9930001cf7c06000338-240-135.jpg,['Cocos2d-x'],"坦克的实现逻辑,AI以及地图编辑器，坦克的人工智能的编写"
Unity 3D灯光系统之基础篇,12167,初级,//img.mukewang.com/5716f5a30001780206000338-240-135.jpg,['Unity 3D'],游戏场景中灯光效果的优化，从而更好的提高项目的视觉效果
Android-Service系列之Notification综合应用,15614,中级,//img.mukewang.com/57201f270001fdaf06000338-240-135.jpg,['Android'],掌握Notification和Messenger机制，实现Notification经典应用场景
AndroidStudio技巧全集,55283,中级,//img4.mukewang.com/57919306000175bf06000356-240-135.jpg,['Android'],"AndroidStudio使用技巧全集,掌握使用技巧刻不容缓"
玩儿转Swift 2.0（第二季）,13481,中级,//img1.mukewang.com/573589c700012c9306000338-240-135.jpg,['iOS'],"基于Swift2.1的swift语言教程第二季,深入地了解swift语法"
Android动感系列-扫一扫,34082,中级,//img2.mukewang.com/5705d15f0001998006000338-240-135.jpg,['Android'],动感系列-扫一扫，本教程代领大家学习二维码的解析与生成
iOS-五子棋大战,22253,中级,//img1.mukewang.com/570357040001671306000338-240-135.jpg,['iOS'],从零开始，挑战阿尔法狗，详细讲解和最终AI的算法实现
Unity 3D音频系统,9750,初级,//img2.mukewang.com/575126a80001361406000338-240-135.jpg,['Unity 3D'],音效对游戏氛围非常重要，插上音效的翅膀，让游戏活起来
Unity3D菜鸟先飞之NGUI实战篇,12233,中级,//img.mukewang.com/574d21cb0001d69806000338-240-135.jpg,['Unity 3D'],NGUI系列课程续篇，终极实战，掌握NGUI技术还是有必要的
iOS基础教程-SQLite数据库操作,11433,初级,//img1.mukewang.com/574cf35000018ff106000338-240-135.jpg,['iOS'],"SQLite基本语法,使用场景和项目应用，教程步骤清晰、易懂"
iOS基础教程之-Camera摄像头,8930,初级,//img2.mukewang.com/5739236a0001f21506000338-240-135.jpg,['iOS'],iOS教程让你重新认识Camera-摄像头，学习Camera处理的基础功能
iOS基础教程-文件操作,13259,初级,//img1.mukewang.com/57281f550001941406000338-240-135.jpg,['iOS'],"iOS文件处理,存储文件和读取,写文件，还涉及SQLite的增删改查"
Cocos2d-x坦克大战--中,8544,中级,//img2.mukewang.com/5701ff8200015b9206000338-240-135.jpg,['Cocos2d-x'],介绍坦克的场景基本逻辑，碰撞及子弹系统的编写
Android-五子连珠,32654,中级,//img2.mukewang.com/56f9e7e3000119fe06000338-240-135.jpg,['Android'],Android游戏开发-五子连珠，本教程通过UI与逻辑实现双人对战
Unity3D五子棋大战,28751,中级,//img2.mukewang.com/570763010001d7bc06000338-240-135.jpg,['Unity 3D'],"使用Unity3D编写五子棋游戏,带人工智能，不比AlphaGo差"
玩儿转Swift 2.0（第一季）,28832,初级,//img1.mukewang.com/573589ad00019f4a06000338-240-135.jpg,['iOS'],基于Swift2.1讲解swift语言基础知识，了解语言特性
Android-自定义ViewPager指示器,28402,中级,//img1.mukewang.com/5787411e0001372406000338-240-135.jpg,['Android'],带领大家实现最火爆的跟随型指示器，学完保准压倒一片
Cocos2d-x坦克大战--上,20870,中级,//img4.mukewang.com/570763d20001662806000338-240-135.jpg,['Cocos2d-x'],"用Cocos2d-x自己动手写一个FC坦克大战吧
"
iOS9那些神坑,19118,中级,//img4.mukewang.com/576b7a6a0001573206000338-240-135.jpg,['iOS'],iOS9的那些新特性，课程中都会为大家一一介绍
中国首届swift开发者大会,16111,高级,//img1.mukewang.com/56a86bc10001580a06000338-240-135.jpg,['iOS'],最前沿的swift技术分享，了解swift最新动向掌握最新相关技术
AIDL-小白成长记,39435,初级,//img3.mukewang.com/57075a800001081e06000338-240-135.jpg,['Android'],AIDL-小白成长记，想要快速入门，看本次的教程就对了
新春特辑-Cocos抢红包,17348,中级,//img2.mukewang.com/57075ddd0001ee2b06000338-240-135.jpg,['Cocos2d-x'],Cocos引擎玩转新年红包，本门课程为一门实例课，学起来吧
Android-心愿分享,20979,中级,//img1.mukewang.com/570757ae0001419206000338-240-135.jpg,['Android'],用Android开发一款心愿分享APP，个性心意，分享祝福
iOS9新特性之UIStackView,12471,中级,//img4.mukewang.com/5678b421000118d406000338-240-135.jpg,['iOS'],从实例出发介绍iOS9新组键UIStackView的使用，提升开发效率
iOS新特性之不一样的任务管理器,8654,中级,//img1.mukewang.com/5783866100019dca06000338-240-135.jpg,['iOS'],实现iOS9任务管理器超炫滑动效果，想实现动画效果，快来学习吧
Android面试解密-自定义View,42288,初级,//img2.mukewang.com/576b7a0d0001070506000338-240-135.jpg,['Android'],本教程为Android面试系列课程，短小精悍，切入要害
iOS9新特性之UITesting,10832,中级,//img1.mukewang.com/566fdaa00001f55f06000338-240-135.jpg,['iOS'],"iOS9新特性：不需要我们手指反复点击，完成APP自动化测试
"
iOS9新特性之内容索引,10316,中级,//img3.mukewang.com/566e7ed70001b53106000338-240-135.jpg,['iOS'],iOS9新特性：APP内容索引，让APP索引更人性、更方便
Cocos2d-x基础教程二-会动的时钟,16039,初级,//img2.mukewang.com/565bad800001d67b06000338-240-135.jpg,['Cocos2d-x'],本课程为Cocos2d-x入门教程第二门，是对基础元素的讲解
iOS-健康App系列之我走了多远,11748,中级,//img2.mukewang.com/570761e60001698206000338-240-135.jpg,['iOS'],想显示你运动里程吗？快来学习，带你完成一个简单的健康应用
Android摄像头基础,35805,中级,//img2.mukewang.com/574668e30001620506000338-240-135.jpg,['Android'],带你走进Android摄像头的秘密花园，探索Camera的奥秘
iOS9新特性之画中画Multitasking,10855,中级,//img2.mukewang.com/564a92e8000171b006000338-240-135.jpg,['iOS'],针对IOS9新特性演示画中画，Slide Over以及Slide View如何使用
iOS-健康App系列之脂肪你去哪儿,9261,中级,//img1.mukewang.com/570761fd0001f03906000338-240-135.jpg,['iOS'],教你如何通过苹果HealthKit框架读取、处理卡路里数据
Android-Widget桌面小组件,26731,初级,//img4.mukewang.com/5774da890001d25406000338-240-135.jpg,['Android'],Android-Widget桌面小组件的使用，带你实现多个小组件功能
iOS-健康App系列之迈出你的第一步    ,11666,中级,//img1.mukewang.com/561c644d0001d72d06000338-240-135.jpg,['iOS'],AppleWatch健康App的第一节课程，打造专属自己的运动减肥App
SegmentFault D-Day 2015 北京：iOS 站  ,7615,初级,//img1.mukewang.com/56a84e300001e56d06000338-240-135.jpg,['iOS'],SegmentFault D-Day iOS 分享沙龙  
Unity3D-菜鸟先飞之NGUI基础,21770,初级,//img4.mukewang.com/566533450001fd6c06000338-240-135.jpg,['Unity 3D'],本次课程主要介绍NGUI的基础控件以及相应控件所应用的场景
Android面试解密-Layout_weight,27111,初级,//img4.mukewang.com/5746675d0001afc506000338-240-135.jpg,['Android'],本课程为Android面试系列第一课，短小精悍，切入要害
Android-节日短信送祝福（功能篇）,16489,中级,//img1.mukewang.com/574668be0001bb4406000338-240-135.jpg,['Android'],本课程将带领大家实现一个节日短信的应用，此课程为续集
Android-节日短信送祝福(UI篇),19870,中级,//img1.mukewang.com/5608968d0001c0e406000338-240-135.jpg,['Android'],带领大家实现一个节日短信的群发app以及监听短信的发送状态等
Android-多平台分享(新浪微博),22123,中级,//img1.mukewang.com/578740fc000127eb06000338-240-135.jpg,['Android'],带领学生掌握分享内容至新浪微博，从而实现一键分享功能
Android-短信验证,37075,中级,//img1.mukewang.com/5783861900015e7e06000338-240-135.jpg,['Android'],通过代码实践实现短信验证，打造最贴心的一站式服务平台
iOS基础教程之界面初体验,41520,初级,//img1.mukewang.com/5774d8c20001195006000338-240-135.jpg,['iOS'],看了这么久的控制台，该换换口味了，让你体会到界面的神奇所在
Android高级特效-索引,29151,高级,//img3.mukewang.com/5791931f00018e6106000338-240-135.jpg,['Android'],APP中的熟面孔，索引列表的实现，有效增加了查找的便捷度
Android-仿微信图片选择器,27861,中级,//img.mukewang.com/55e3bbf90001bb3706000338-240-135.jpg,['Android'],微信中的图片选择器综合案例不容错过，整体思路值得一学
Android-屏幕适配全攻略,45009,高级,//img2.mukewang.com/55d6ca740001f2ad06000338-240-135.jpg,['Android'],"重点概念、常见问题及解决方案，赶快进来学习解决疑惑

"
Cocos2d-x游戏之七夕女神抓捕计划,39715,高级,//img1.mukewang.com/55c47a0a0001347b06000338-240-135.jpg,"['C++', 'Cocos2d-x']",拯救陈无码从游戏开发开始，如果你想逆袭，那么快来学习
Android-Volley详解,32704,中级,//img3.mukewang.com/574668690001142206000338-240-135.jpg,['Android'],最热门网络框架~快速入门大法，还等什么，快来学习吧
Android高级特效-3D画廊,26428,高级,//img3.mukewang.com/570755750001b5c306000338-240-135.jpg,['Android'],Android开发打造超酷的高仿时光网电影展示页，常用于各种电影APP
微信SDK-分享你的朋友圈,42174,中级,//img3.mukewang.com/55ac53600001fc8706000338-240-135.jpg,['Android'],大神教你Android微信SDK的使用，实现分享朋友圈功能，不会就OUT了
iOS动画案例之会跳舞的界面(下),15689,高级,//img3.mukewang.com/5707773c000120e906000338-240-135.jpg,['iOS'],"来让界面舞动起来，学会动画的设计思路，界面的设计思路
"
《小十传奇》 Unity3D 休闲游戏开发,34756,高级,//img1.mukewang.com/5746698000015d0f06000338-240-135.jpg,['Unity 3D'],手把手教你用Unity3D开发休闲游戏，小伙伴们，还等什么
Android实现抽奖转盘,25639,中级,//img2.mukewang.com/55b72ae0000184d706000338-240-135.jpg,['Android'],使用SurfaceView来实现抽奖转盘，剖析抽奖转盘背后的概率机制
iOS动画案例之会跳舞的界面(上),20767,高级,//img4.mukewang.com/57874063000195dc06000338-240-135.jpg,['iOS'],想让你的界面跳舞吗，学会Sketch动画，让界面更加优美生动
Swift-进入OOP时代,21278,初级,//img.mukewang.com/570762e80001fa3406000338-240-135.jpg,['iOS'],本课程主要讲解Swift语言的面向对象编程的课程，进入OOP时代
懒人必备之Android效率开发框架,57723,高级,//img3.mukewang.com/576b7b410001e1f806000338-240-135.jpg,['Android'],"本教程带你学一个快捷方便的Android开发框架,敏捷开发必备"
明日之星-RecyclerView,38132,中级,//img2.mukewang.com/570759c6000181f006000338-240-135.jpg,['Android'],带领大家学习百变RecyclerView，绝对干货，告别加班不是梦
Unity3D-万圣前夜之惊声尖笑,39423,中级,//img2.mukewang.com/5746695a000116d106000338-240-135.jpg,['Unity 3D'],Unity3D热门案例分享，带你深入Unity3D，学习快来学习吧
Cocos2d-x游戏开发入门－贪吃蛇(下),13762,初级,//img1.mukewang.com/5600b2af000125ef06000338-240-135.jpg,['Cocos2d-x'],本课程将对上一门课进行改造，加入新的元素，符合游戏特性
Cocos2d-x游戏开发之贪吃蛇(上集),23676,初级,//img3.mukewang.com/55ea628c000104bb25001408-240-135.jpg,['Cocos2d-x'],贪吃蛇都玩过~有没有想过自己实现呢，一起学习来吧
Cocos2d-x游戏开发基础之Lua基础篇,17521,初级,//img4.mukewang.com/570760760001271506000338-240-135.jpg,['Cocos2d-x'],游戏开发入门从Lua开始，从0开始的基础入门教程
Cocos2d-x初体验之Lua篇,15781,初级,//img.mukewang.com/559fea5b00015c5706000338-240-135.jpg,['Cocos2d-x'],暴雪都选择Lua开发大脚插件，你呢？赶快加入学习吧
iOS基础入门之Foundation框架初体验,50112,初级,//img.mukewang.com/570761d200014d8b06000338-240-135.jpg,['iOS'],学会Foundation框架，能满足你所需要的大部分东西
Android-精通Activity,41879,高级,//img4.mukewang.com/57075e170001c8f106000338-240-135.jpg,['Android'],深入Activity内部，剖析Activity，掌握Activity的工作原理
Android-NDK入门,35193,中级,//img2.mukewang.com/556bc47900012bf206000338-240-135.jpg,['Android'],本课程为NDK开发入门教程，带领大家一步一步掌握使用NDK开发
Android必学-异步加载,47930,中级,//img.mukewang.com/55666c0a0001d6b506000338-240-135.jpg,['Android'],了解Android中的异步加载处理方法，这是面试问的最多的知识点
Cocos2d-x游戏开发初体验-C++篇,60825,初级,//img1.mukewang.com/5562c26900012f3406000338-240-135.jpg,"['C++', 'Cocos2d-x']",Cocos2d-x开发手机游戏够轻量、够简单，你还不来学
iOS-动画进阶,18133,中级,//img1.mukewang.com/55594b500001c51406000338-240-135.jpg,['iOS'],本教程将带你学习iOS开发常用特效处理，更加高级的动画效果实现
Unity3D快速入门,92228,初级,//img2.mukewang.com/574669a80001556806000338-240-135.jpg,['Unity 3D'],本课程为Unity 3D入门教程，快速学会用Unity开发游戏
How-old 刷脸神器,29791,高级,//img4.mukewang.com/5552a2f400017c5106000338-240-135.jpg,['Android'],通过第三方本课程教大家实现人脸识别，通过案例讲解原理
Android-深入Activity,29706,中级,//img4.mukewang.com/554b214700017aaf06000338-240-135.jpg,['Android'],带大家深入了解Activity，讲解Activity的相关知识
Android-重识Activity,41209,初级,//img4.mukewang.com/554089050001a95906000338-240-135.jpg,['Android'],Activity的系列教程的第一讲，将带您重新认识Activity
浅谈Android动画,50999,初级,//img4.mukewang.com/57075b5a0001d47d06000338-240-135.jpg,['Android'],本课程带领学生学习Android动画，实现各种炫酷动画效果
Android必学-AsyncTask基础,39312,初级,//img1.mukewang.com/57075ab500019ea106000338-240-135.jpg,['Android'],了解Android中AsyncTask的使用方法，掌握异步线程的使用
Objective-C面向对象初体验,29762,初级,//img4.mukewang.com/57874093000168e706000338-240-135.jpg,['iOS'],本视频教程将带大家学习Objective-C中的面向对象编程
Android-打造万能适配器,33332,中级,//img1.mukewang.com/553064540001cfe806000338-240-135.jpg,['Android'],本课程通过对传统的ListView数据绑定写法，打造万能适配器
Android中的Http通信,61333,初级,//img1.mukewang.com/57075af80001574b06000338-240-135.jpg,['Android'],了解Android-http网络编程应用，常见忘了请求相关应用
Android必学-BaseAdapter的使用与优化,41205,初级,//img3.mukewang.com/57075acb0001fc7b06000338-240-135.jpg,['Android'],了解数据适配器的使用方法，写出高效、文艺的BaseAdapter
Android-Service系列之断点续传下载,19263,中级,//img.mukewang.com/570757d40001ec5606000338-240-135.jpg,['Android'],想升职加薪么？本章课程你值得拥有，满满的干货，学起来吧
Android-见证消息推送时刻进阶篇,23103,高级,//img.mukewang.com/5707573a0001aabb06000338-240-135.jpg,['Android'],本课程讲重点讲解客户端往服务器推送的案例，Come on
如何使用高德Android SDK进行LBS的开发,15337,初级,//img4.mukewang.com/550a78720001f37a06000338-240-135.jpg,['Android'],教你使用Android SDK进行LBS开发，实现你的第一个地图应用
如何使用高德云图在线制作属于你的地图,55643,初级,//img4.mukewang.com/5518ecf20001cb4e06000338-240-135.jpg,"['Java', 'iOS']",教你迅速使用云图进行基于LBS的开发，怎样调用云图产品的接口
打造个性的图片预览与多点触控,21922,高级,//img4.mukewang.com/546c0d940001f49e06000338-240-135.jpg,['Android'],实现图片自由缩放与多点触控效果，对Matrix以及手势检测API深入学习
高德地图组件快速入门,59109,初级,//img3.mukewang.com/550a836c0001236606000338-240-135.jpg,"['Android', 'iOS']",本视频教程为大家带来如何使用地图组件进行基于LBS的开发
iOS-动画入门,34405,初级,//img1.mukewang.com/5774d6c70001ab1506000338-240-135.jpg,['iOS'],后IOS时代 扁平化设计，提高用户体验，你值得拥有
Android-仿微信语音聊天,39650,中级,//img3.mukewang.com/55403cbd0001f88806000338-240-135.jpg,['Android'],结合自定义View和API，Dialog管理等实现实现微信语音
Android-Service系列之多线程断点续传下载,20639,中级,//img2.mukewang.com/570763300001d9a706000338-240-135.jpg,['Android'],本视频教程主要代领我们要学习的多线程续传下载程序的开发
如何使用高德定位进行开发,17408,初级,//img2.mukewang.com/550a87da000168db06000338-240-135.jpg,['Android'],教你迅速使用定位进行基于LBS的开发，便捷为应用程序添加定位功能
"Android图像处理-变""换""莫测的图像",18853,中级,//img1.mukewang.com/551a15d80001574406000338-240-135.jpg,['Android'],Android中图像变形的分析与处理，演示常见的图像处理特效的实现方法
Android图像处理-打造美图秀秀从它开始,25982,中级,//img1.mukewang.com/570758b5000181e406000338-240-135.jpg,['Android'],图像色彩的分析与处理，演示市面上常见的图像处理特效的实现方法
肾六的分分合合,22489,中级,//img2.mukewang.com/5707639d00010b8306000338-240-135.jpg,['iOS'],轻松掌握iphon6的拆机和装机技巧，让你从里到外的被它所折服
Android实现卫星菜单,25206,中级,//img3.mukewang.com/5746684d0001d62b06000338-240-135.jpg,['Android'],学习仿Path的卫星式菜单，课程涵盖了自定义控件的整个过程
Android自定义任意层级树形控件,24472,高级,//img1.mukewang.com/574667900001eb4106000338-240-135.jpg,['Android'],使用ListView制作Android树状图，加深ListView适配器理解
千变万化的ViewPager切换动画,43801,中级,//img2.mukewang.com/545c862c0001e13e06000338-240-135.jpg,['Android'],ViewPager界面切换是可以有动画，课程涉及到属性动画等知识点
Android图案解锁,33585,中级,//img2.mukewang.com/54c8b23d000162e906000338-240-135.jpg,['Android'],本视频教程将带领大家通过自定义控件实现一个图案解锁的功能
Android美女拼图小游戏,23037,高级,//img4.mukewang.com/5707568d0001f94206000338-240-135.jpg,['Android'],本视频教程将带领大家通过自定义控件实现一个拼图游戏
多种多样的App主界面Tab实现方法,47385,中级,//img.mukewang.com/5707598e0001ec7c06000338-240-135.jpg,['Android'],本课程就将讲解迄今为止最流行的4种实现Tab的方法
微信6.0主界面,57423,高级,//img4.mukewang.com/574667c80001596e06000338-240-135.jpg,['Android'],本课程将讲解微信6.0主界面的实现方法，微信5.2.1后续课程
百度地图在Android中的使用,36885,中级,//img2.mukewang.com/570758ee0001caaf06000338-240-135.jpg,['Android'],在Android应用中玩转百度地图，由浅入深的带领大家一步步学习
如何使用iOS SDK进行基于LBS的开发,13049,中级,//img4.mukewang.com/5783863c0001195006000338-240-135.jpg,['iOS'],迅速使用IOS SDK进行基于LBS的开发，实现一个地图应用
Android中的WebView实战详解,31190,中级,//img2.mukewang.com/549bafc10001d8ee06000338-240-135.jpg,['Android'],在App中玩转Web页面，介绍介绍WebView是什么、怎么使用
Android面试常客Handler详解,49955,高级,//img1.mukewang.com/549a72970001c9d906000338-240-135.jpg,['Android'],学Android开发，必学Handler，也是Android面试常客
Android电商活动中的刮刮卡,16169,高级,//img4.mukewang.com/574667ad0001c8c706000338-240-135.jpg,['Android'],本课程将自定义控件实现刮刮卡效果，同时介绍实现原理
Android属性动画赏析,35620,中级,//img3.mukewang.com/5707589c00017bf606000338-240-135.jpg,['Android'],本次课程，将向你介绍如何使用属性动画做出更好的动画
创建Android后端服务之Bmob,25056,中级,//img2.mukewang.com/57075948000117fb06000338-240-135.jpg,['Android'],服务器端对于移动开发者不再是苦恼，快快学起来吧
Android5.0新特性-Material Design,36090,高级,//img3.mukewang.com/570755d50001f80006000338-240-135.jpg,['Android'],追时尚就在Android5.0新特性，让我们来细细品味其魅力吧
见证Android消息推送时刻,45004,高级,//img4.mukewang.com/545c26360001b90d06000338-240-135.jpg,['Android'],本课程将一步步教你如何搭建出一个自己的Android推送平台
打造Android中的流式布局和热门标签,29538,高级,//img4.mukewang.com/546c0c8f000139d706000338-240-135.jpg,['Android'],酷炫的热门标签到底是怎么实现的呢，本教程会给你答案
一起来做价值百万的Apple Watch App：分歧终端机,21057,高级,//img.mukewang.com/57077a2f0001936b06000338-240-135.jpg,['iOS'],学习如何做一个Apple Watch App，赶紧一起来学习吧
Android UI模板设计,67373,中级,//img2.mukewang.com/570758010001b33006000338-240-135.jpg,['Android'],快来学习如何在Android中自定义View，本次课程一定会让你获益匪浅
使用Swift开发iOS8 App实战,60372,高级,//img2.mukewang.com/570779ba00011eac06000338-240-135.jpg,['iOS'],通过苹果最新Swift语言开发iOSApp，从零开始学习iOS的开发
玩儿转Swift,53238,高级,//img2.mukewang.com/53966c2c00018bed06000338-240-135.jpg,['iOS'],这套教程比任何的Swift中文教程深入，并且演示示例更丰富
超快的Android模拟器Genymotion,50533,初级,//img1.mukewang.com/57075b1a000178ad06000338-240-135.jpg,['Android'],介绍Android平台下的一款最快的、最流行的Android模拟器
征战Objective-C,59570,初级,//img1.mukewang.com/576b7aba0001339506000338-240-135.jpg,['iOS'],本课程作为零基础学习Objective－c教程，IOS开发可以从这里开始
Android智能机器人“小慕”的实现,32442,高级,//img1.mukewang.com/544f48510001906806000338-240-135.jpg,['Android'],无聊的时候就来作个机器人陪你聊天吧，打造自己的专属智能机器人
Android猜歌游戏是这样炼成的,26451,中级,//img4.mukewang.com/5707591f00016d8c06000338-240-135.jpg,['Android'],手把手教你完成一款猜歌类游戏，向你展示游戏实现的全部细节
Android攻城狮的第一门课（入门篇）,286417,初级,//img1.mukewang.com/53bf89100001684e06000338-240-135.jpg,['Android'],想快速掌握Android应用开发基础，选择学习这门课程就对了。
Android攻城狮的第二门课（第3季）,72252,初级,//img3.mukewang.com/57075cbc00012aaf06000338-240-135.jpg,['Android'],手势识别、数据存储和4大组件，让你牢牢掌握之前的基础知识点
QQ5.0侧滑菜单,61410,高级,//img.mukewang.com/574667f400014de706000338-240-135.jpg,['Android'],本教程将带领大家通过自定义控件实现QQ5.0侧滑菜单
与Android Studio的第一次亲密接触,96048,初级,//img3.mukewang.com/576b7c8b0001468206000338-240-135.jpg,['Android'],Google亲儿子AndroidStudio即将上位，赶紧学习安装配置、使用技巧
高仿微信5.2.1主界面及消息提醒,56841,高级,//img1.mukewang.com/541698a40001d1c306000338-240-135.jpg,['Android'],本课程将带领大家从无到有的实现微信的整体界面
Android攻城狮的第二门课（第1季）,104914,初级,//img.mukewang.com/53bf89320001073f06000338-240-135.jpg,['Android'],本课程由浅入深地带您学会Android的常用控件的开发和使用
Android攻城狮的第二门课（第2季）,59499,初级,//img2.mukewang.com/57075c950001df0306000338-240-135.jpg,['Android'],本课程讲带你熟悉Android开发中常用的调试方式，菜单、调试程序
Android高级Root技术原理解析,18762,高级,//img1.mukewang.com/53c61eb60001a6e006000338-240-135.jpg,['Android'],本课程是Android Root初级教程的升级版，分析Root原理的课程
Swift Weather APP,34475,高级,//img.mukewang.com/570778c900017ca306000338-240-135.jpg,['iOS'],本课程将带领大家使用Swift语言开发一个完整的天气 iOS APP
Android的ListView分页功能,38540,中级,//img1.mukewang.com/57075a080001553f06000338-240-135.jpg,['Android'],本课程讲解一种实现ListView分页功能，看视频就有答案
Android的ListView下拉刷新,42312,中级,//img4.mukewang.com/57075a320001c61f06000338-240-135.jpg,['Android'],本课程就分享一个Android实现ListView下拉刷新功能的技巧
图形手势识别,22920,高级,//img2.mukewang.com/570779cb0001e83c06000338-240-135.jpg,['iOS'],图形手势识别的实现算法，包括量角器算法、相似度原理及应用方法
Android系统Root原理初探,31825,高级,//img2.mukewang.com/570756a200012ca906000338-240-135.jpg,['Android'],深入浅出的方式介绍Android Root原理，基本技术和刷机
When iOS loves JS,26437,高级,//img4.mukewang.com/536ae635000121e906000338-240-135.jpg,"['JavaScript', 'iOS']",了解iOS 7中内置的jsbinding技术，两者到底能产生怎样的化学反应
